run_seed,variant_name,layer_index,probe_name,diagnostic_family,exactness_mean,curl_energy_mean,exactness_positional_mean,curl_energy_positional_mean
7,pretrained,0,exact_r1,probe,1.0,2.5746290011137217e-15,0.9997930621935261,0.0012416175966589232
7,pretrained,0,exact_r2,probe,1.0,3.253425294695269e-15,0.9997752304706309,0.001348637465626881
7,pretrained,0,exact_r4,probe,1.0,3.132548374120969e-15,0.9997913754648633,0.0012517508350558476
7,pretrained,0,exact_r8,probe,1.0,3.3423084094782272e-15,0.9997296200858222,0.0016222722398298276
7,pretrained,0,exact_r16,probe,1.0,3.2430874200231117e-15,0.9996846305827299,0.0018922151252303997
7,pretrained,0,exact_r64,probe,1.0,3.169615733650344e-15,0.9998213239014149,0.00107204931110674
7,pretrained,0,pairwise,probe,0.8014555349946022,1.191266781753964,0.7812123534580072,1.3127258742849033
7,pretrained,0,pairwise_plus_triadic,probe,0.8170578065845702,1.0976531592508156,0.7941502009828886,1.2350987998975649
7,pretrained,0,raw_projection_r4,raw_projection,1.0,2.9659967040719283e-15,0.9998697634372447,0.0007814269483787939
7,pretrained,0,raw_skew_bilinear_r8,raw_skew_bilinear,0.360833867556519,3.8349967896938324,0.36069951413406265,3.835802889532513
7,pretrained,1,exact_r1,probe,1.0,2.546318803735065e-15,0.9997453867561288,0.0015276706443627416
7,pretrained,1,exact_r2,probe,1.0,3.087055352136857e-15,0.9995400512384044,0.0027596982407784606
7,pretrained,1,exact_r4,probe,1.0,3.134238767333558e-15,0.9995821706122823,0.0025069721224200395
7,pretrained,1,exact_r8,probe,1.0,3.1410589258941604e-15,0.9998116956816779,0.0011298239070230112
7,pretrained,1,exact_r16,probe,1.0,3.2864632596268684e-15,0.9997716016239591,0.0013703968814095585
7,pretrained,1,exact_r64,probe,1.0,3.1608419134492347e-15,0.9997605093651347,0.0014369535977796961
7,pretrained,1,pairwise,probe,0.8228758101662,1.0627451410724058,0.7981948078506522,1.2108311433759
7,pretrained,1,pairwise_plus_triadic,probe,0.7835598285827372,1.298641015465061,0.749644605235921,1.5021323644452624
7,pretrained,1,raw_projection_r4,raw_projection,1.0,2.8264070640278487e-15,0.9998993521763219,0.0006039022013687321
7,pretrained,1,raw_skew_bilinear_r8,raw_skew_bilinear,0.4754249155521393,3.14745050503148,0.4750058092176914,3.1499651455216937
7,pretrained,2,exact_r1,probe,1.0,2.0422098323360756e-15,0.999741531494591,0.0015507967436860781
7,pretrained,2,exact_r2,probe,1.0,2.6635625528783832e-15,0.9997086835404237,0.0017478978580685281
7,pretrained,2,exact_r4,probe,1.0,2.8547330931723962e-15,0.9998707353240914,0.0007755788960316244
7,pretrained,2,exact_r8,probe,1.0,3.1485120798230707e-15,0.9999123497141732,0.0005258877404735864
7,pretrained,2,exact_r16,probe,1.0,3.0968129827244114e-15,0.9997301031317976,0.0016193874261160898
7,pretrained,2,exact_r64,probe,1.0,3.0833174052991556e-15,0.9998171081145605,0.0010973698327789963
7,pretrained,2,pairwise,probe,0.8354373197588656,0.9873760671665271,0.8074895069003105,1.1550629412134488
7,pretrained,2,pairwise_plus_triadic,probe,0.8362125410801835,0.9827247431708707,0.8347391655875577,0.9915650013006396
7,pretrained,2,raw_projection_r4,raw_projection,1.0,3.1993876914168827e-15,0.9998332113027573,0.0010007379161025812
7,pretrained,2,raw_skew_bilinear_r8,raw_skew_bilinear,0.6230308065811793,2.2618151439560785,0.6233387589454651,2.259967476957374
7,pretrained,3,exact_r1,probe,1.0,3.195689554576248e-15,0.9999237656593323,0.0004574180629788316
7,pretrained,3,exact_r2,probe,1.0,2.556358194442063e-15,0.9997576404776838,0.0014541716381144295
7,pretrained,3,exact_r4,probe,1.0,2.3457507870854084e-15,0.999923145191537,0.00046110987043195765
7,pretrained,3,exact_r8,probe,1.0,3.0661513319167964e-15,0.9998317547142506,0.001009478678396489
7,pretrained,3,exact_r16,probe,1.0,2.8114770135129962e-15,0.9998341302076975,0.0009952238813437158
7,pretrained,3,exact_r64,probe,1.0,2.9450799401235326e-15,0.9998317716850175,0.0010093806575039504
7,pretrained,3,pairwise,probe,0.8155783079564571,1.1065301386018593,0.8084702690442404,1.1491783815953467
7,pretrained,3,pairwise_plus_triadic,probe,0.8099300575753053,1.1404196593082614,0.8046240516834788,1.172255690726969
7,pretrained,3,raw_projection_r4,raw_projection,1.0,2.9397609213659045e-15,0.9998672128551536,0.0007967157350018775
7,pretrained,3,raw_skew_bilinear_r8,raw_skew_bilinear,0.6043530313505067,2.3738817820946374,0.6049847238593631,2.3700916783677206
7,pretrained,4,exact_r1,probe,1.0,5.741007237033668e-16,0.9992912349601587,0.004252587322197441
7,pretrained,4,exact_r2,probe,1.0,1.99257699519019e-15,0.9994807131588459,0.003115728579966041
7,pretrained,4,exact_r4,probe,1.0,2.164330653978296e-15,0.9995239658488168,0.00285620401053974
7,pretrained,4,exact_r8,probe,1.0,2.5689042566647975e-15,0.9997959281835291,0.0012244256209265182
7,pretrained,4,exact_r16,probe,1.0,2.8640740037698717e-15,0.9997979977892505,0.0012120043094101776
7,pretrained,4,exact_r64,probe,1.0,2.933529417984055e-15,0.9998428858816624,0.0009427049004039469
7,pretrained,4,pairwise,probe,0.8544032863444753,0.8735802790357007,0.8489272755881151,0.9064363423320982
7,pretrained,4,pairwise_plus_triadic,probe,0.7366156756050057,1.5803059509230986,0.7383534585436186,1.5698792185220454
7,pretrained,4,raw_projection_r4,raw_projection,1.0,3.003230701157699e-15,0.9998726265297996,0.000764251720991322
7,pretrained,4,raw_skew_bilinear_r8,raw_skew_bilinear,0.6537071793443627,2.0777569346957736,0.6532921629647414,2.0802470122774444
7,pretrained,5,exact_r1,probe,1.0,2.84959735865931e-15,0.9997544259660773,0.001473434696688653
7,pretrained,5,exact_r2,probe,1.0,2.5994504433067487e-15,0.9995825816359785,0.0025045093049508673
7,pretrained,5,exact_r4,probe,1.0,3.053443610937773e-15,0.999940003371901,0.00035997351622225123
7,pretrained,5,exact_r8,probe,1.0,2.5012557162959757e-15,0.9998979941010475,0.0006120274679738537
7,pretrained,5,exact_r16,probe,1.0,2.877221124928462e-15,0.9998383215732045,0.0009700763956870004
7,pretrained,5,exact_r64,probe,1.0,2.786117768367587e-15,0.9998325655857722,0.0010046042063752087
7,pretrained,5,pairwise,probe,0.9008154401348697,0.5951073554654916,0.8995020956628852,0.6029874219869574
7,pretrained,5,pairwise_plus_triadic,probe,0.9184290178947978,0.4894258879746,0.9155952955285708,0.506428231847369
7,pretrained,5,raw_projection_r4,raw_projection,1.0,3.00462519495393e-15,0.9999080242382156,0.0005518586963767626
7,pretrained,5,raw_skew_bilinear_r8,raw_skew_bilinear,0.7089243945148256,1.7464536478122075,0.7083117883238528,1.7501292849580448
7,pretrained,6,exact_r1,probe,1.0,2.4853617488011956e-15,0.9996871770256095,0.0018769350539918782
7,pretrained,6,exact_r2,probe,1.0,1.667533666217242e-15,0.999906866500775,0.0005588079859282718
7,pretrained,6,exact_r4,probe,1.0,2.3249709363084996e-15,0.9997734410895242,0.00135934840404338
7,pretrained,6,exact_r8,probe,1.0,2.4292671423357306e-15,0.9998042484124502,0.0011744939741523315
7,pretrained,6,exact_r16,probe,1.0,2.388859907631367e-15,0.9998673912551668,0.0007956569487659079
7,pretrained,6,exact_r64,probe,1.0,2.7147680539347393e-15,0.9998241269754039,0.0010552370460775113
7,pretrained,6,pairwise,probe,0.8956137643092208,0.626317419215209,0.8922196399006579,0.6466821403139167
7,pretrained,6,pairwise_plus_triadic,probe,0.8810291075044208,0.7138253605614105,0.8786920292509927,0.7278478122833703
7,pretrained,6,raw_projection_r4,raw_projection,1.0,3.039161022444871e-15,0.9999298743075795,0.0004207585453615239
7,pretrained,6,raw_skew_bilinear_r8,raw_skew_bilinear,0.7597791059977479,1.4413253449731402,0.7593637485471036,1.4438175240324602
7,pretrained,7,exact_r1,probe,1.0,2.7765141925406775e-15,0.999944786230723,0.00033127527704992745
7,pretrained,7,exact_r2,probe,1.0,2.520886121563805e-15,0.9998671412467957,0.0007971693137531272
7,pretrained,7,exact_r4,probe,1.0,1.7682035660966385e-15,0.999841981050041,0.0009481145564980883
7,pretrained,7,exact_r8,probe,1.0,2.84254665994486e-15,0.9998668506741524,0.0007988976867636666
7,pretrained,7,exact_r16,probe,1.0,2.879446195924659e-15,0.9998329099681642,0.0010025373040763144
7,pretrained,7,exact_r64,probe,1.0,2.759954982328624e-15,0.9998325577212704,0.0010046492118110312
7,pretrained,7,pairwise,probe,0.882757360736529,0.7034558466532164,0.8761068835026689,0.7433586861524317
7,pretrained,7,pairwise_plus_triadic,probe,0.7791368990308709,1.3251786037451692,0.7739079462157356,1.3565523243612714
7,pretrained,7,raw_projection_r4,raw_projection,1.0,2.943476114486952e-15,0.9999605673882697,0.0002365977090650833
7,pretrained,7,raw_skew_bilinear_r8,raw_skew_bilinear,0.7249586176541116,1.6502482725514307,0.7238830729491181,1.6567015689280298
7,pretrained,8,exact_r1,probe,1.0,2.6220027223648097e-15,0.9999131887323327,0.0005208671512567283
7,pretrained,8,exact_r2,probe,1.0,2.5179512078226698e-15,0.9999497607350349,0.00030142074734208616
7,pretrained,8,exact_r4,probe,1.0,2.7021923809437993e-15,0.9999719092415439,0.00016855858206731177
7,pretrained,8,exact_r8,probe,1.0,2.7061376837630947e-15,0.9999338657491736,0.00039681789025457367
7,pretrained,8,exact_r16,probe,1.0,2.7076179907466146e-15,0.9998949836525652,0.0006300997037113928
7,pretrained,8,exact_r64,probe,1.0,2.8919811843128973e-15,0.9998560336728891,0.0008637961012330683
7,pretrained,8,pairwise,probe,0.8454619405998124,0.9272283477087816,0.8414295175009303,0.9514229074120522
7,pretrained,8,pairwise_plus_triadic,probe,0.9221106208860874,0.46733627033730346,0.917782023963001,0.493307841113872
7,pretrained,8,raw_projection_r4,raw_projection,1.0,2.696723305189427e-15,0.9999440987077024,0.000335406565277986
7,pretrained,8,raw_skew_bilinear_r8,raw_skew_bilinear,0.682633231083552,1.9042006466123793,0.6813304184211625,1.9120175085133977
7,pretrained,9,exact_r1,probe,1.0,2.7231586442819067e-15,0.9997481678922971,0.0015110019533797943
7,pretrained,9,exact_r2,probe,1.0,2.8941822145913156e-15,0.9997786949906085,0.0013278262295999513
7,pretrained,9,exact_r4,probe,1.0,3.243059589990947e-15,0.9997740739749538,0.001355558722732692
7,pretrained,9,exact_r8,probe,1.0,2.9764494387921752e-15,0.9997556292348437,0.0014662278550127263
7,pretrained,9,exact_r16,probe,1.0,3.1123124371678937e-15,0.9997826110985544,0.0013043278320563128
7,pretrained,9,exact_r64,probe,1.0,3.0103554621776114e-15,0.9997973847720358,0.0012156886574909247
7,pretrained,9,pairwise,probe,0.91420795271794,0.5147522864863276,0.912846295369996,0.5229222248825762
7,pretrained,9,pairwise_plus_triadic,probe,0.8299792210261027,1.0201246774651938,0.827339125590192,1.0359652519950435
7,pretrained,9,raw_projection_r4,raw_projection,1.0,2.7356848706388766e-15,0.9999055452644825,0.0005667289181777354
7,pretrained,9,raw_skew_bilinear_r8,raw_skew_bilinear,0.6805556325448884,1.916666205558512,0.6793690489398109,1.9237856914599736
7,pretrained,10,exact_r1,probe,1.0,3.2969904309518047e-15,0.9998730892936388,0.0007614679662866467
7,pretrained,10,exact_r2,probe,1.0,2.9772412944268965e-15,0.9998947328163518,0.0006316211003852206
7,pretrained,10,exact_r4,probe,1.0,2.0395488899472705e-15,0.9998741948770152,0.0007548375269834651
7,pretrained,10,exact_r8,probe,1.0,2.8133883687253475e-15,0.9999068358706104,0.000559004310869366
7,pretrained,10,exact_r16,probe,1.0,2.7546324250761534e-15,0.9998488732510142,0.0009067611540053298
7,pretrained,10,exact_r64,probe,1.0,2.646211639462613e-15,0.9998600665065978,0.0008396057516317038
7,pretrained,10,pairwise,probe,0.9058481827378273,0.5649109087470505,0.9034207024508052,0.5794757611842619
7,pretrained,10,pairwise_plus_triadic,probe,0.9374843670262231,0.37509380658674574,0.9365646607346005,0.38061203140144545
7,pretrained,10,raw_projection_r4,raw_projection,1.0,2.9646351702982033e-15,0.999920293274853,0.0004782442904090405
7,pretrained,10,raw_skew_bilinear_r8,raw_skew_bilinear,0.7083943593833182,1.749633851978514,0.7073106264902486,1.7561362435420353
7,pretrained,11,exact_r1,probe,1.0,1.6866656134015022e-15,0.9999557381702794,0.00026556172568032506
7,pretrained,11,exact_r2,probe,1.0,2.6915206000659976e-15,0.9999013145764669,0.000592099639309001
7,pretrained,11,exact_r4,probe,1.0,2.784504688992562e-15,0.9999274495575163,0.0004352973105091627
7,pretrained,11,exact_r8,probe,1.0,2.7218607394639476e-15,0.9999124966561794,0.0005250351514405338
7,pretrained,11,exact_r16,probe,1.0,2.6086370888099314e-15,0.9999262905783124,0.0004422552590565627
7,pretrained,11,exact_r64,probe,1.0,2.644235335866743e-15,0.9998917140894465,0.0006497200861809284
7,pretrained,11,pairwise,probe,0.8989263131386704,0.6064421286185583,0.895264440526565,0.6284133537362019
7,pretrained,11,pairwise_plus_triadic,probe,0.8541640212966336,0.8750158705645137,0.8504104846053653,0.8975370925747685
7,pretrained,11,raw_projection_r4,raw_projection,1.0,3.1739816234371727e-15,0.9998233690857887,0.0010597778665315774
7,pretrained,11,raw_skew_bilinear_r8,raw_skew_bilinear,0.7445842011107339,1.5324947755369875,0.7436660793092515,1.5380035460823112
7,pretrained,12,exact_r1,probe,1.0,8.291250582066948e-16,0.9975825804803107,0.01450451476557646
7,pretrained,12,exact_r2,probe,1.0,2.425010642454473e-15,0.9991548992693424,0.005070594799083968
7,pretrained,12,exact_r4,probe,1.0,2.5962778501997168e-15,0.9994887130128013,0.00306771034067626
7,pretrained,12,exact_r8,probe,1.0,2.706721561881901e-15,0.9996330125464333,0.0022019251595742795
7,pretrained,12,exact_r16,probe,1.0,2.7353425731914168e-15,0.9996766981979212,0.0019398070411019337
7,pretrained,12,exact_r64,probe,1.0,2.5775946783107345e-15,0.9997481765846411,0.001510932577932383
7,pretrained,12,pairwise,probe,0.8970024635394415,0.6179851966185702,0.8944240655336115,0.6334556036939224
7,pretrained,12,pairwise_plus_triadic,probe,0.8699263946877586,0.7804416360126601,0.8622993624044789,0.8262038135694133
7,pretrained,12,raw_projection_r4,raw_projection,1.0,2.5568774395169824e-15,0.9997528998388184,0.0014825915600845797
7,pretrained,12,raw_skew_bilinear_r8,raw_skew_bilinear,0.7854255206055112,1.2874468680885103,0.7832380330397023,1.3005718278388183
7,random_control,0,exact_r1,probe,1.0,3.0317711576211246e-15,0.9982984740700986,0.010209156816320805
7,random_control,0,exact_r2,probe,1.0,3.0362814892269726e-15,0.9993849069707923,0.0036905638060286744
7,random_control,0,exact_r4,probe,1.0,2.958770248364601e-15,0.999606192111969,0.0023628334395956094
7,random_control,0,exact_r8,probe,1.0,2.978301330379923e-15,0.9995786535243193,0.0025280735515277935
7,random_control,0,exact_r16,probe,1.0,3.176385288609793e-15,0.9994310591783788,0.003413647684889535
7,random_control,0,exact_r64,probe,1.0,3.057820947433736e-15,0.9995134195519818,0.002919479535194114
7,random_control,0,pairwise,probe,0.8881041842202345,0.6713749091658328,0.8852604466180006,0.6884373234998848
7,random_control,0,pairwise_plus_triadic,probe,0.9005400732987456,0.5967595630014936,0.8968213374416033,0.6190719788687097
7,random_control,0,raw_projection_r4,raw_projection,1.0,2.864726777394262e-15,0.9998068457676305,0.0011589183704927564
7,random_control,0,raw_skew_bilinear_r8,raw_skew_bilinear,0.6351435507337252,2.189138720432917,0.6343350054489242,2.1939899482660823
7,random_control,1,exact_r1,probe,1.0,2.4513308032784604e-15,0.9989374942249722,0.00637503535108408
7,random_control,1,exact_r2,probe,1.0,3.17888327479803e-15,0.9996667640904585,0.0019993979816111582
7,random_control,1,exact_r4,probe,1.0,3.1192426210437688e-15,0.9995304863486025,0.0028170753834678586
7,random_control,1,exact_r8,probe,1.0,3.1717846673909072e-15,0.9995345568491353,0.0027926685037932154
7,random_control,1,exact_r16,probe,1.0,2.9463133995010188e-15,0.9995401062899165,0.0027593583452269537
7,random_control,1,exact_r64,probe,1.0,2.9704201012931204e-15,0.9996066275570128,0.0023602244901768346
7,random_control,1,pairwise,probe,0.8890728652477264,0.6655628074788384,0.8837797082960606,0.6973217382199235
7,random_control,1,pairwise_plus_triadic,probe,0.9316179466744264,0.410292311778499,0.9303118909398714,0.41812864649626946
7,random_control,1,raw_projection_r4,raw_projection,1.0,2.810899153225055e-15,0.9996209061808057,0.0022745654205209576
7,random_control,1,raw_skew_bilinear_r8,raw_skew_bilinear,0.646694076144033,2.119835577077336,0.6455109305679798,2.1269344149364366
7,random_control,2,exact_r1,probe,1.0,1.7483737420587836e-15,0.9991345376604133,0.0051927865024481434
7,random_control,2,exact_r2,probe,1.0,3.0344073649544472e-15,0.9989934952722656,0.0060390147005414795
7,random_control,2,exact_r4,probe,1.0,2.4622286869456686e-15,0.9993836594124635,0.0036980415332234567
7,random_control,2,exact_r8,probe,1.0,2.9226803722090743e-15,0.9995953324768279,0.0024280187499243766
7,random_control,2,exact_r16,probe,1.0,2.904633688964036e-15,0.999641733451022,0.0021496145806546942
7,random_control,2,exact_r64,probe,1.0,2.939547073854681e-15,0.9996338685353597,0.002196778308845953
7,random_control,2,pairwise,probe,0.9021757452024354,0.5869455511371294,0.8995336898499064,0.6027978463098407
7,random_control,2,pairwise_plus_triadic,probe,0.9030379810267024,0.5817721177720361,0.9003240300549401,0.598055816669431
7,random_control,2,raw_projection_r4,raw_projection,1.0,2.615776161524984e-15,0.9995495163732104,0.002702898053232477
7,random_control,2,raw_skew_bilinear_r8,raw_skew_bilinear,0.7126451664500766,1.7241290025413036,0.7121180217299197,1.7272918683787186
7,random_control,3,exact_r1,probe,1.0,2.564045146122914e-15,0.9998154594666429,0.0011072524581929126
7,random_control,3,exact_r2,probe,1.0,2.7385334860512926e-15,0.9998328006929822,0.0010031947678928394
7,random_control,3,exact_r4,probe,1.0,3.0310172622238026e-15,0.9997136067185137,0.0017183695401601857
7,random_control,3,exact_r8,probe,1.0,3.0407415265512614e-15,0.9997194438344903,0.0016833461797634503
7,random_control,3,exact_r16,probe,1.0,2.9192275975419113e-15,0.999768830007977,0.0013870384221566685
7,random_control,3,exact_r64,probe,1.0,2.8453054572831422e-15,0.9996673953202035,0.001995641810935922
7,random_control,3,pairwise,probe,0.8905062874158224,0.6569622788164351,0.8880657263927989,0.671605632847382
7,random_control,3,pairwise_plus_triadic,probe,0.8341155664788352,0.9953065934694476,0.824608664545748,1.05234801551948
7,random_control,3,raw_projection_r4,raw_projection,1.0,2.562865849589871e-15,0.999509351948897,0.002943890074675437
7,random_control,3,raw_skew_bilinear_r8,raw_skew_bilinear,0.8531170437733332,0.881297754123807,0.8518785209291511,0.8887288947072294
7,random_control,4,exact_r1,probe,1.0,3.355144930061114e-15,0.9984732340607378,0.009160602773287488
7,random_control,4,exact_r2,probe,1.0,2.759803840697046e-15,0.9992442035840617,0.004534789706263432
7,random_control,4,exact_r4,probe,1.0,3.0375824679112753e-15,0.999227710482147,0.0046337462352110175
7,random_control,4,exact_r8,probe,1.0,2.8466289021469276e-15,0.9996613495879703,0.002031925125063733
7,random_control,4,exact_r16,probe,1.0,2.9534036351050703e-15,0.999606455779738,0.0023612650151739623
7,random_control,4,exact_r64,probe,1.0,2.907444339865286e-15,0.9997166871196694,0.0016998954217544654
7,random_control,4,pairwise,probe,0.9210383689237965,0.47376978521545726,0.9179094057116244,0.49254357173211044
7,random_control,4,pairwise_plus_triadic,probe,0.8487723101344373,0.9073661356750462,0.8336571074194379,0.998057354759011
7,random_control,4,raw_projection_r4,raw_projection,1.0,2.50405558149731e-15,0.9992794464859698,0.004323326204838749
7,random_control,4,raw_skew_bilinear_r8,raw_skew_bilinear,0.8785984826584657,0.7284090968055857,0.8776467285222478,0.734119635903173
7,random_control,5,exact_r1,probe,1.0,2.584319192711399e-15,0.9979801815417078,0.012118912770852653
7,random_control,5,exact_r2,probe,1.0,3.4590721380147053e-15,0.9992495729691453,0.004502572326196564
7,random_control,5,exact_r4,probe,1.0,3.5271470065359653e-15,0.9995838308499919,0.002497003753281509
7,random_control,5,exact_r8,probe,1.0,3.0326371763394795e-15,0.9994159344997671,0.003504402283902487
7,random_control,5,exact_r16,probe,1.0,3.1668249336132523e-15,0.9993352583713002,0.003988439519566277
7,random_control,5,exact_r64,probe,1.0,2.9332001353963533e-15,0.9995275913841195,0.0028344593883957714
7,random_control,5,pairwise,probe,0.9176712483167648,0.4939725005792247,0.9157160698539681,0.5057035888441734
7,random_control,5,pairwise_plus_triadic,probe,0.9044051402144961,0.5735691501241591,0.9002429462141461,0.5985423115392526
7,random_control,5,raw_projection_r4,raw_projection,1.0,2.7363639432760264e-15,0.999217126932409,0.004697244945823008
7,random_control,5,raw_skew_bilinear_r8,raw_skew_bilinear,0.8876461072100533,0.6741233604649702,0.8862592557238208,0.6824444820069604
7,random_control,6,exact_r1,probe,1.0,2.914090418771476e-15,0.9999472738968002,0.00031635817819935456
7,random_control,6,exact_r2,probe,1.0,3.1258756581149216e-15,0.9997654975288444,0.001407011987288974
7,random_control,6,exact_r4,probe,1.0,2.8638294066465574e-15,0.999550163331959,0.002699015061403366
7,random_control,6,exact_r8,probe,1.0,2.5324121225773858e-15,0.999442469742563,0.003345195605005655
7,random_control,6,exact_r16,probe,1.0,2.7447293033450184e-15,0.9995951648387644,0.0024290056333282134
7,random_control,6,exact_r64,probe,1.0,2.8185811508982403e-15,0.9995352671378188,0.002788391910144128
7,random_control,6,pairwise,probe,0.9349492672416899,0.3903043859431313,0.934302617278364,0.3941843089544111
7,random_control,6,pairwise_plus_triadic,probe,0.9555748585197661,0.26655084463871187,0.952094293716881,0.28743425130637157
7,random_control,6,raw_projection_r4,raw_projection,1.0,3.0157542466969796e-15,0.9994709756639268,0.003174150765213805
7,random_control,6,raw_skew_bilinear_r8,raw_skew_bilinear,0.8849769611325529,0.690138223891457,0.8838081732392311,0.6971509605646133
7,random_control,7,exact_r1,probe,1.0,2.9433679699046653e-15,0.99906010636025,0.005639366667310242
7,random_control,7,exact_r2,probe,1.0,3.0842994129833183e-15,0.9993466556900077,0.003920072463289317
7,random_control,7,exact_r4,probe,1.0,3.0825228269994478e-15,0.9993190074132549,0.004085958518165474
7,random_control,7,exact_r8,probe,1.0,2.8826950297632504e-15,0.9992277237276236,0.004633662303806179
7,random_control,7,exact_r16,probe,1.0,3.0670197171529295e-15,0.9994047859476672,0.0035712809816080457
7,random_control,7,exact_r64,probe,1.0,2.7416900947201675e-15,0.9994483954376645,0.003309627757213699
7,random_control,7,pairwise,probe,0.9411106639438205,0.3533360111113224,0.9398344001836247,0.36099360334790415
7,random_control,7,pairwise_plus_triadic,probe,0.9312965360780557,0.41222077928897405,0.9302213850120703,0.4186716988268826
7,random_control,7,raw_projection_r4,raw_projection,1.0,2.2916223136510576e-15,0.9992265477776527,0.004640723349034993
7,random_control,7,raw_skew_bilinear_r8,raw_skew_bilinear,0.8619264215230942,0.8284414623760514,0.8604638063245349,0.8372171860602167
7,random_control,8,exact_r1,probe,1.0,2.0904943465064015e-15,0.999845834241973,0.000925007026024913
7,random_control,8,exact_r2,probe,1.0,2.0017750114627316e-15,0.9997231803006597,0.0016609185877314303
7,random_control,8,exact_r4,probe,1.0,2.6999755793640954e-15,0.999503341399961,0.002979943093830823
7,random_control,8,exact_r8,probe,1.0,2.6627297925649625e-15,0.9990352474980884,0.0057885073215907645
7,random_control,8,exact_r16,probe,1.0,2.7543213426677425e-15,0.9991811348332299,0.004913190963432296
7,random_control,8,exact_r64,probe,1.0,2.649889016827141e-15,0.9995665724078814,0.002600562661730995
7,random_control,8,pairwise,probe,0.919705230742693,0.4817686069549786,0.9156535102261437,0.5060789310890768
7,random_control,8,pairwise_plus_triadic,probe,0.9571212641894817,0.2572724127417637,0.9565218997498354,0.260868609831151
7,random_control,8,raw_projection_r4,raw_projection,1.0,2.10636921188483e-15,0.999117460515764,0.005295248128176253
7,random_control,8,raw_skew_bilinear_r8,raw_skew_bilinear,0.8778492655191157,0.7329043950885534,0.8764815289113257,0.7411108354313506
7,random_control,9,exact_r1,probe,1.0,2.842061800124642e-15,0.9995815426939063,0.002510748654458439
7,random_control,9,exact_r2,probe,1.0,3.411957935225672e-15,0.9993261119557751,0.004043318479994519
7,random_control,9,exact_r4,probe,1.0,3.0791679554994987e-15,0.999551623645756,0.0026902600923979967
7,random_control,9,exact_r8,probe,1.0,3.0405269161956957e-15,0.999552097171545,0.002687420913490415
7,random_control,9,exact_r16,probe,1.0,3.053277791371094e-15,0.9997555452088515,0.0014667459201720906
7,random_control,9,exact_r64,probe,1.0,2.8444396631443236e-15,0.9996657276319133,0.002005634721879485
7,random_control,9,pairwise,probe,0.9468189333048131,0.3190863968597518,0.9458280334042178,0.32503179238281316
7,random_control,9,pairwise_plus_triadic,probe,0.9234456034998099,0.4593263798289829,0.9229486013452212,0.4623083853576746
7,random_control,9,raw_projection_r4,raw_projection,1.0,2.6135822752378808e-15,0.9994082959989706,0.0035502250781670832
7,random_control,9,raw_skew_bilinear_r8,raw_skew_bilinear,0.8868789999849267,0.6787260027809275,0.8861063913338714,0.6833616422696246
7,random_control,10,exact_r1,probe,1.0,2.8095748417746916e-15,0.9995729306505786,0.0025624255443593333
7,random_control,10,exact_r2,probe,1.0,3.1166867127279543e-15,0.9996308353212144,0.002214996029377087
7,random_control,10,exact_r4,probe,1.0,3.2004114466308342e-15,0.9996333068443669,0.0022001543159907064
7,random_control,10,exact_r8,probe,1.0,2.632186152858072e-15,0.9996340829465125,0.002195521130084267
7,random_control,10,exact_r16,probe,1.0,2.5263208476322425e-15,0.9995771696170171,0.0025369675018333104
7,random_control,10,exact_r64,probe,1.0,2.779695948373309e-15,0.9997060613499748,0.001763621155179054
7,random_control,10,pairwise,probe,0.9697370073861546,0.1815779497846961,0.9681669001777967,0.19099859637208283
7,random_control,10,pairwise_plus_triadic,probe,0.9022005200386047,0.5867968757326404,0.8995412182476785,0.6027526892721653
7,random_control,10,raw_projection_r4,raw_projection,1.0,2.7074360955680934e-15,0.9993818547162745,0.0037088902883826652
7,random_control,10,raw_skew_bilinear_r8,raw_skew_bilinear,0.8503612308866448,0.8978325964676009,0.8498235870566633,0.901058497114314
7,random_control,11,exact_r1,probe,1.0,2.8649063175436245e-15,0.9997362829744816,0.00158230122057527
7,random_control,11,exact_r2,probe,1.0,3.088040688268712e-15,0.9996556126409106,0.0020663170750291706
7,random_control,11,exact_r4,probe,1.0,2.8688950774452624e-15,0.9996290848486953,0.002225491676654201
7,random_control,11,exact_r8,probe,1.0,2.7636496863697165e-15,0.9994582355850272,0.0032505918311977033
7,random_control,11,exact_r16,probe,1.0,2.6591406540489157e-15,0.9995649622546302,0.0026102197225554846
7,random_control,11,exact_r64,probe,1.0,2.766433952047605e-15,0.9996758873263994,0.0019446835770698574
7,random_control,11,pairwise,probe,0.9371967766847875,0.37681934563443065,0.9364148556358285,0.38151084357458687
7,random_control,11,pairwise_plus_triadic,probe,0.8945544059905741,0.6326735633839335,0.8903314483662447,0.658011295987914
7,random_control,11,raw_projection_r4,raw_projection,1.0,3.0149242391487285e-15,0.9994015871650643,0.003590479960419341
7,random_control,11,raw_skew_bilinear_r8,raw_skew_bilinear,0.8096610133846601,1.1420339172085126,0.8089051097631454,1.1465693414211273
7,random_control,12,exact_r1,probe,1.0,2.788566332036466e-15,0.999913120849265,0.0005212694450165145
7,random_control,12,exact_r2,probe,1.0,3.3974050976357533e-15,0.9996342605186833,0.0021944129124070364
7,random_control,12,exact_r4,probe,1.0,3.2290422785043088e-15,0.9996558212571673,0.0020650900462189587
7,random_control,12,exact_r8,probe,1.0,3.047610521119957e-15,0.9993482538395457,0.003910485887091555
7,random_control,12,exact_r16,probe,1.0,3.1187340079050802e-15,0.9995696850948863,0.002581885910735259
7,random_control,12,exact_r64,probe,1.0,2.784102072592768e-15,0.9996209392944971,0.0022743706544537824
7,random_control,12,pairwise,probe,0.9555916521284316,0.2664500811758141,0.955049836387237,0.26970099073110354
7,random_control,12,pairwise_plus_triadic,probe,0.9462925274338987,0.32224484874556464,0.9454260907239385,0.327443465228296
7,random_control,12,raw_projection_r4,raw_projection,1.0,2.432517088272701e-15,0.9992344478766123,0.004593312104892296
7,random_control,12,raw_skew_bilinear_r8,raw_skew_bilinear,0.8193997736606333,1.0836013447907236,0.8179929587576125,1.0920422602858808
