variant_name,layer_index,probe_name,diagnostic_family,run_count,exactness_mean,exactness_std,curl_energy_mean,curl_energy_std,exactness_positional_mean,exactness_positional_std,curl_energy_positional_mean,curl_energy_positional_std
pretrained,0,exact_r1,probe,2,1.0,0.0,2.7213537800833318e-15,1.1990378640922055e-17,0.9984391161964998,0.0007584969299721052,0.009365297940045519,0.004550991763834671
pretrained,0,exact_r16,probe,2,1.0,0.0,3.124946251213547e-15,2.2738224989266635e-16,0.9985292092379596,0.0014575196810257054,0.008824745594514145,0.008745115149571648
pretrained,0,exact_r2,probe,2,1.0,0.0,3.236671907602686e-15,2.7308522810049195e-17,0.9986343408624332,0.0006838056899359968,0.008193974860154817,0.0041028361655552495
pretrained,0,exact_r4,probe,2,1.0,0.0,3.2886875925941405e-15,3.248150164268583e-17,0.9985077054136329,0.0003652580527720764,0.008953765552077029,0.0021915414430737894
pretrained,0,exact_r64,probe,2,1.0,0.0,3.1782758176201352e-15,2.1759610573225996e-18,0.9988109939214256,0.0006493907393217594,0.0071340470086498605,0.0038963374366085468
pretrained,0,exact_r8,probe,2,1.0,0.0,3.291957569720643e-15,9.680713288749432e-17,0.9977319710370567,0.0022092602370323384,0.013608181621142043,0.013255559842144589
pretrained,0,pairwise,probe,2,0.8051298595964909,0.006579800914364056,1.1692208458359041,0.039478808559392405,0.7854250789516501,0.009196221074122395,1.2874495149072673,0.05517732556667492
pretrained,0,pairwise_plus_triadic,probe,2,0.7564882275958856,0.024141090234160105,1.4610706191096041,0.14484654901480812,0.7330901823523972,0.02573738368226399,1.6014589100248284,0.15442429389836326
pretrained,0,raw_projection_r4,raw_projection,2,1.0,0.0,3.1877428577054343e-15,1.5294947071604948e-16,0.9996978613651462,0.00027454720537799563,0.0018128280322950254,0.0016472923464210668
pretrained,0,raw_skew_bilinear_r8,raw_skew_bilinear,2,0.319305124382178,0.0030910065521946566,4.084169250395563,0.018546025264218488,0.31860958163936937,0.0030652899501282466,4.0883425085080995,0.0183917525789736
pretrained,1,exact_r1,probe,2,1.0,0.0,2.7993369847817825e-15,5.947722921806754e-17,0.9993642071882884,0.000659860426252884,0.003814757051966606,0.0039591504444714785
pretrained,1,exact_r16,probe,2,1.0,0.0,3.110357149106484e-15,7.718577597469214e-17,0.9992507938295603,0.0003930167281860549,0.004495223761801349,0.002358105430533928
pretrained,1,exact_r2,probe,2,1.0,0.0,2.9597105377575122e-15,4.1640605068246045e-16,0.9989733435213566,0.0002677197086056614,0.00615994098835573,0.0016063197722316351
pretrained,1,exact_r4,probe,2,1.0,0.0,2.9926616426932687e-15,1.3416849542567084e-16,0.9990254893071122,0.0008347675060814928,0.005847064988807283,0.0050086027813171655
pretrained,1,exact_r64,probe,2,1.0,0.0,3.1347083787225466e-15,1.008857385045432e-17,0.9993489128020074,0.00013919172332588933,0.003906510026556336,0.0008351462652113498
pretrained,1,exact_r8,probe,2,1.0,0.0,2.783446723863222e-15,4.283595782193108e-16,0.9990129232820537,0.0006341687025346011,0.005922457594553837,0.003805007056608803
pretrained,1,pairwise,probe,2,0.731902096213566,0.051440869298180786,1.6085874092661672,0.3086452160817713,0.7174684899962611,0.044643264592797494,1.6951890629198818,0.26785958287380146
pretrained,1,pairwise_plus_triadic,probe,2,0.65694341622293,0.012398863798623774,2.0583395194262266,0.07439321352381989,0.6485009890877538,0.009283048557724391,2.1089940646456347,0.05569832881021213
pretrained,1,raw_projection_r4,raw_projection,2,1.0,0.0,3.298635839968777e-15,6.224991900861585e-17,0.999568500245611,0.00031837583021906225,0.002588999547394148,0.0019102594687920888
pretrained,1,raw_skew_bilinear_r8,raw_skew_bilinear,2,0.3401482802712255,0.005621035331158421,3.959110308024618,0.03372617979144096,0.34020887004832423,0.005505760773616624,3.9587467710177107,0.033034547665885754
pretrained,2,exact_r1,probe,2,1.0,0.0,2.3852066344362632e-15,3.851552004458751e-16,0.9996606186032295,0.0003505201193697752,0.0020362809774370464,0.0021031147331533597
pretrained,2,exact_r16,probe,2,1.0,0.0,2.938979657732972e-15,1.923025504974163e-16,0.9991333902710013,0.0001926128538134475,0.005199646634638257,0.0011556682336732907
pretrained,2,exact_r2,probe,2,1.0,0.0,3.076419149423086e-15,3.096286070441497e-16,0.9982270619107617,0.0005550956536855909,0.010637625953273123,0.003330562898353085
pretrained,2,exact_r4,probe,2,1.0,0.0,2.9577610708303116e-15,5.488078631265803e-17,0.9989722952660587,0.00018163799007313183,0.006166225211927667,0.0010898108960262646
pretrained,2,exact_r64,probe,2,1.0,0.0,3.1123056020825836e-15,2.357820038215544e-17,0.9993645288050175,3.8212557276911486e-05,0.0038128126115124263,0.0002292742872467397
pretrained,2,exact_r8,probe,2,1.0,0.0,2.9923158704438735e-15,1.363054114733039e-16,0.9991219855017133,0.0003599668671652189,0.005268093550209111,0.0021597974312233237
pretrained,2,pairwise,probe,2,0.8273584476361672,0.036655134930662366,1.0358493101472657,0.21993082114508883,0.8178981153501405,0.030629892590351815,1.0926113057260711,0.1837793586153184
pretrained,2,pairwise_plus_triadic,probe,2,0.6467316179639764,0.0069717560688033215,2.1196102897326154,0.041830548705650485,0.6422471174349387,0.002033897151717775,2.1465172831796937,0.01220339081284059
pretrained,2,raw_projection_r4,raw_projection,2,1.0,0.0,2.9504161388710294e-15,9.810247030457956e-17,0.9996150947279401,0.00032513600910828857,0.002309426983427127,0.001950810430153974
pretrained,2,raw_skew_bilinear_r8,raw_skew_bilinear,2,0.43997610277599764,0.003360441403385575,3.3601434065235987,0.0201626355421098,0.4400614272389147,0.0030304971413096424,3.359631436566512,0.01818297816487457
pretrained,3,exact_r1,probe,2,1.0,0.0,2.169639437921063e-15,3.2458361770808433e-16,0.9996094447043207,0.00010504458081153882,0.0023433418468307033,0.0006302710799963779
pretrained,3,exact_r16,probe,2,1.0,0.0,3.11514450138557e-15,2.4794198682695602e-17,0.9992318143033319,0.00030406814589533596,0.00460911268682038,0.001824390951757362
pretrained,3,exact_r2,probe,2,1.0,0.0,2.9358983358725927e-15,2.00795870772566e-16,0.9988273477388753,0.0009252480092409163,0.0070358987731095925,0.005551489032972817
pretrained,3,exact_r4,probe,2,1.0,0.0,2.6978704662841493e-15,4.050474454118651e-16,0.9987060173104206,0.0011654396793536084,0.007763887391370695,0.006992650719375993
pretrained,3,exact_r64,probe,2,1.0,0.0,2.9879724864033333e-15,6.1944041238472004e-18,0.9993804287579324,0.0001536340434156747,0.0037174316231458862,0.0009217930275081428
pretrained,3,exact_r8,probe,2,1.0,0.0,2.7268482472093036e-15,3.877533626654593e-16,0.9991938316573699,0.0006790972430472141,0.004837008208899836,0.004074573580687161
pretrained,3,pairwise,probe,2,0.7695853314879868,0.09920356819980711,1.3824880162460937,0.5952213825643756,0.7615117333415482,0.09786230913696639,1.4309295896026824,0.5871738565779172
pretrained,3,pairwise_plus_triadic,probe,2,0.7748971138563421,0.0987055566475056,1.350617305479116,0.5922333272995165,0.7660948663122125,0.09569849783695127,1.403430788881249,0.5741909911193176
pretrained,3,raw_projection_r4,raw_projection,2,1.0,0.0,3.1446832646216294e-15,5.422633933480212e-17,0.9993941595570909,0.00015337033292597255,0.003635048056215358,0.000920223961756504
pretrained,3,raw_skew_bilinear_r8,raw_skew_bilinear,2,0.5323296079619063,0.0011206416769968697,2.8060223162174225,0.006723897477185479,0.5323808468464348,0.0017037720094169309,2.8057149292694197,0.010222625617399643
pretrained,4,exact_r1,probe,2,1.0,0.0,2.940937501478026e-15,2.0193336236576553e-16,0.9982393226689763,0.0024429460727790225,0.010564070587078176,0.014657678507166417
pretrained,4,exact_r16,probe,2,1.0,0.0,3.151889114524626e-15,2.1532490134100644e-17,0.9990684936443965,0.0005759753195124758,0.005589033830296506,0.003455836988922857
pretrained,4,exact_r2,probe,2,1.0,0.0,3.2469326137912943e-15,1.5934073424295103e-16,0.9990594910664691,0.00029234137067011927,0.00564306110593154,0.0017540484126663824
pretrained,4,exact_r4,probe,2,1.0,0.0,3.333952869513649e-15,1.4315556873290674e-16,0.999475582399302,0.0006413863503420917,0.0031465097211669977,0.0038483130046206415
pretrained,4,exact_r64,probe,2,1.0,0.0,3.1212053154965652e-15,1.745660211575494e-18,0.9992951456871297,0.00027141458232516876,0.004229123924031026,0.0016284927897462216
pretrained,4,exact_r8,probe,2,1.0,0.0,3.166611112571809e-15,1.5372640171188084e-16,0.999132757799493,0.0005853769935949461,0.005203452279399951,0.0035122698761082807
pretrained,4,pairwise,probe,2,0.8410480107284255,0.0704293720807451,0.9537119359398882,0.4225762490212552,0.837426447413034,0.06685879000292165,0.9754413274220295,0.4011527618226701
pretrained,4,pairwise_plus_triadic,probe,2,0.6347372122108936,0.022558423974388255,2.191576734185219,0.1353505286266342,0.6285478491336107,0.02721971819840978,2.228712918650773,0.16331830831239952
pretrained,4,raw_projection_r4,raw_projection,2,1.0,0.0,2.792410654065425e-15,1.754868436301165e-18,0.9993844168881576,0.00016479476305053525,0.0036934967081631636,0.000988780624179575
pretrained,4,raw_skew_bilinear_r8,raw_skew_bilinear,2,0.5738945584744215,0.0022717973796290395,2.5566326686077647,0.013630734521078217,0.5739680619703398,0.002900829435001375,2.556191604170534,0.017404980122245575
pretrained,5,exact_r1,probe,2,1.0,0.0,2.4653480952516782e-15,5.968502917041993e-16,0.9983427592863638,0.001353834336078643,0.00994344002255174,0.008122996898031313
pretrained,5,exact_r16,probe,2,1.0,0.0,2.9765158284919564e-15,9.83491970199481e-17,0.9992082671572765,0.00031527979297217335,0.004750400336181176,0.0018916908620183982
pretrained,5,exact_r2,probe,2,1.0,0.0,2.9497335288878987e-15,3.169194625186264e-16,0.998944413744741,0.0001278992947894322,0.006333520327946947,0.0007674093134882196
pretrained,5,exact_r4,probe,2,1.0,0.0,3.1885535874648506e-15,1.5525580771981966e-16,0.9992039681722721,0.00014808851328552058,0.00477618496451113,0.0008885236848071907
pretrained,5,exact_r64,probe,2,1.0,0.0,3.1274433859572066e-15,1.2659227879696546e-16,0.999354822975066,7.165052052789e-05,0.003871068102954369,0.000429890978966204
pretrained,5,exact_r8,probe,2,1.0,0.0,3.0807177273645906e-15,7.428985558771428e-17,0.9993178633352121,0.0002710411144174957,0.004092819414735358,0.0016262432565856617
pretrained,5,pairwise,probe,2,0.7510302811861038,0.11966784024880225,1.4938183261288538,0.7180070268584915,0.7480821739882231,0.1169133391107883,1.5115069697300594,0.7014800223718988
pretrained,5,pairwise_plus_triadic,probe,2,0.6007278325657049,0.010879229028859416,2.3956330087449818,0.06527537300241046,0.5902330219331715,0.014236648444669465,2.4586018559833365,0.08541988130205054
pretrained,5,raw_projection_r4,raw_projection,2,1.0,0.0,2.9246819754916146e-15,5.1657862945944623e-17,0.999424732186728,6.818394223786897e-05,0.0034516019804868847,0.0004091130971382304
pretrained,5,raw_skew_bilinear_r8,raw_skew_bilinear,2,0.5146941294272741,0.004028796175732105,2.91183519611756,0.024172818030495417,0.5145855221069522,0.004441249625556407,2.912486852871047,0.026647520582881442
pretrained,6,exact_r1,probe,2,1.0,0.0,2.7702256837972467e-15,1.989229914403607e-16,0.9997124524994029,0.0004063275224678322,0.0017252842265400089,0.002437939434608426
pretrained,6,exact_r16,probe,2,1.0,0.0,3.1025970350697e-15,1.2439370037236525e-18,0.9993195947673585,0.00040180815102440893,0.0040824300243305816,0.0024108360971127293
pretrained,6,exact_r2,probe,2,1.0,0.0,3.181426007781047e-15,2.5680740443920973e-16,0.9985850296086736,0.00017479410285974487,0.008489822532283142,0.0010487433242191162
pretrained,6,exact_r4,probe,2,1.0,0.0,2.966500087774784e-15,2.9416836651241547e-16,0.9988202262255881,1.322298834743191e-05,0.007078635696315259,7.932753171233326e-05
pretrained,6,exact_r64,probe,2,1.0,0.0,3.148732244420723e-15,1.8462836838680137e-16,0.999489056567351,0.0001237566108045751,0.003065652547876299,0.0007425389685539347
pretrained,6,exact_r8,probe,2,1.0,0.0,2.9083675583527717e-15,1.8197754088050135e-16,0.9993872851547267,0.000207997331579294,0.0036762810624269247,0.0012479881568277281
pretrained,6,pairwise,probe,2,0.7062000439812739,0.03385862011647117,1.7627997495647934,0.20315171513778488,0.6992164192100366,0.02623243558920332,1.8047014685968559,0.1573946293402881
pretrained,6,pairwise_plus_triadic,probe,2,0.6664076176368527,0.03452905647483591,2.0015543018364244,0.2071743408978203,0.662164580490854,0.028877102332684482,2.027012513329585,0.1732626169229712
pretrained,6,raw_projection_r4,raw_projection,2,1.0,0.0,3.0535496196478093e-15,1.4007089663631224e-18,0.9994320567283366,4.0892979767694934e-05,0.0034076588328591445,0.00024536337333690806
pretrained,6,raw_skew_bilinear_r8,raw_skew_bilinear,2,0.5740124603940381,0.004444678447294612,2.5559252554343805,0.0266680923425651,0.5736745867050357,0.004742596665544838,2.557952479769786,0.02845558935923559
pretrained,7,exact_r1,probe,2,1.0,0.0,2.957301429207985e-15,2.1622305138397383e-16,0.9990152244766553,0.0008773873358924123,0.005908647620849984,0.00526432840908085
pretrained,7,exact_r16,probe,2,1.0,0.0,3.032256340179645e-15,9.868520831687073e-17,0.9993841987517145,0.00044879837487665373,0.003694818258130302,0.0026927890830874606
pretrained,7,exact_r2,probe,2,1.0,0.0,2.6824738439875882e-15,3.6566021365188027e-16,0.9989115653766526,0.0009576975703569812,0.006530609516630648,0.005746189143032689
pretrained,7,exact_r4,probe,2,1.0,0.0,2.8853872157173474e-15,9.484131182666057e-18,0.9991495692067676,0.0005878092179777885,0.005102582911301094,0.0035268396034091394
pretrained,7,exact_r64,probe,2,1.0,0.0,3.030218830365348e-15,1.105701539041279e-17,0.9995464798476961,0.0001785106353762903,0.002721126070456295,0.0010710730839014009
pretrained,7,exact_r8,probe,2,1.0,0.0,3.278615645321981e-15,1.44752445224674e-17,0.9995423737499449,0.0002954535056716303,0.00274576188328663,0.0017727092493987303
pretrained,7,pairwise,probe,2,0.7672219926284419,0.04416638090443075,1.3966680316047535,0.264998290987627,0.7589276343997982,0.04123002665180432,1.446434194015132,0.2473801821549959
pretrained,7,pairwise_plus_triadic,probe,2,0.5580976917925808,0.05646868100476008,2.651413823995325,0.338812090126171,0.5541046762631999,0.05358673950430694,2.675371953389711,0.32152045429434245
pretrained,7,raw_projection_r4,raw_projection,2,1.0,0.0,2.959501343493382e-15,3.3177138541921393e-19,0.999371179069082,0.00026039815710912476,0.003772928520144584,0.001562407706600157
pretrained,7,raw_skew_bilinear_r8,raw_skew_bilinear,2,0.6110084688083993,0.005258803656258681,2.3339491933584213,0.03155280964472075,0.610669929948118,0.005470909134821908,2.3359803983734713,0.03282545188206714
pretrained,8,exact_r1,probe,2,1.0,0.0,2.6585773277609047e-15,2.343868321835146e-16,0.9991396239234341,0.0011732178217090392,0.005162261091300024,0.007039307774657391
pretrained,8,exact_r16,probe,2,1.0,0.0,2.8940618894987822e-15,6.044855140306615e-17,0.9996164298305908,0.0002460272525127106,0.0023014277812762884,0.001476162950568815
pretrained,8,exact_r2,probe,2,1.0,0.0,2.40488510256327e-15,2.6896411495687173e-16,0.9995042770687077,0.0005474831718598198,0.002974338052202559,0.0032848954680442487
pretrained,8,exact_r4,probe,2,1.0,0.0,2.6451243442779993e-15,5.935502558487458e-17,0.9996584597975016,0.000273699585424575,0.0020492421060933136,0.0016421913315472318
pretrained,8,exact_r64,probe,2,1.0,0.0,2.9796428393977433e-15,1.0548667210354615e-16,0.999594079123603,0.00017096342262837777,0.0024355363893846516,0.0010257693811010094
pretrained,8,exact_r8,probe,2,1.0,0.0,2.8417224399036283e-15,2.384886213884052e-16,0.9995759083992906,0.00036250445866925995,0.0025445491351597915,0.002175022405450573
pretrained,8,pairwise,probe,2,0.8219596836715937,0.013968938687402992,1.0682419010748465,0.08381361602666348,0.8188520336730613,0.01708839260622384,1.0868877891658082,0.10253032417355011
pretrained,8,pairwise_plus_triadic,probe,2,0.6271577357418008,0.08499616088741066,2.237053581306504,0.5099769713245365,0.6297402247372601,0.08148756892121263,2.2215586541634464,0.4889254250883904
pretrained,8,raw_projection_r4,raw_projection,2,1.0,0.0,2.949604789760129e-15,7.38701043488725e-17,0.999394127064281,0.00021220938225235145,0.003635242896658989,0.0012732635923824052
pretrained,8,raw_skew_bilinear_r8,raw_skew_bilinear,2,0.6908110732005702,0.004806271480364902,1.855133558726973,0.028837634150545632,0.6904961619940069,0.005002071689597065,1.8570230512155428,0.030012439503548635
pretrained,9,exact_r1,probe,2,1.0,0.0,3.0358591498773114e-15,3.8240316079612496e-17,0.9991302219116025,0.0009436038398267809,0.005218662636252702,0.00566161968993046
pretrained,9,exact_r16,probe,2,1.0,0.0,3.017921712283864e-15,7.171164780908496e-17,0.9996398219631778,3.068641795325443e-05,0.0021610648052753983,0.00018411969104200335
pretrained,9,exact_r2,probe,2,1.0,0.0,3.0728702606152253e-15,4.106062792036728e-16,0.9994911048561335,0.00045919723168742516,0.003053365011106103,0.0027551848384077715
pretrained,9,exact_r4,probe,2,1.0,0.0,3.101197826895432e-15,9.138793302237387e-17,0.9995367210358381,0.0005490490443565874,0.0027796805055307536,0.0032942902908628317
pretrained,9,exact_r64,probe,2,1.0,0.0,2.9516849302573822e-15,1.0124611798444772e-16,0.999654923255245,7.088251128828838e-05,0.002070443264528876,0.00042530953913122433
pretrained,9,exact_r8,probe,2,1.0,0.0,3.2614714043608916e-15,8.061801683145788e-17,0.9996529709961679,0.00023025174565241617,0.002082161052991675,0.001381513363335534
pretrained,9,pairwise,probe,2,0.7408652388387256,0.06228845043410521,1.5548085524804063,0.373730689141055,0.7337550837546587,0.0642100028196256,1.5974695078200765,0.3852600233568557
pretrained,9,pairwise_plus_triadic,probe,2,0.8353184430549543,0.030045443120110617,0.9880893407906923,0.18027264401316945,0.829287472491463,0.02366495406698156,1.0242751657755838,0.14198971371883426
pretrained,9,raw_projection_r4,raw_projection,2,1.0,0.0,3.055470396447337e-15,4.857406131799635e-17,0.9994616398794783,0.00017185875047280374,0.003230164825153123,0.001031140745073315
pretrained,9,raw_skew_bilinear_r8,raw_skew_bilinear,2,0.6553551918930478,0.003297420157403899,2.06786886188719,0.01978452562740644,0.6546758044925001,0.003307831014358951,2.071945170561473,0.019846988427645307
pretrained,10,exact_r1,probe,2,1.0,0.0,2.6217971622727464e-15,5.056975795111983e-16,0.9994818303320143,0.000375667153608388,0.003109009560527435,0.002254013025049473
pretrained,10,exact_r16,probe,2,1.0,0.0,2.9570040115131013e-15,1.5989564504145458e-16,0.9993939821918806,0.00037124290526054484,0.0036361028720016796,0.002227461486871307
pretrained,10,exact_r2,probe,2,1.0,0.0,2.6179180396582537e-15,7.704716604081801e-16,0.9989055326829354,0.0008824259330945564,0.0065668103278666325,0.005294558475126335
pretrained,10,exact_r4,probe,2,1.0,0.0,2.9936293464026434e-15,3.1458282148826514e-16,0.9996122455017434,0.0003825520169244852,0.002326520625906091,0.0022952997143936282
pretrained,10,exact_r64,probe,2,1.0,0.0,2.9758351042508503e-15,1.4789670536508828e-16,0.9995050864915054,9.22904761537906e-05,0.00296948254617746,0.0005537475884966968
pretrained,10,exact_r8,probe,2,1.0,0.0,3.1059753789224378e-15,7.025031798661834e-17,0.9993951246142387,0.00040610712957244165,0.0036292433174417564,0.0024366318234160913
pretrained,10,pairwise,probe,2,0.8959694779995415,0.02590416168868606,0.6241831370732851,0.15542494861966247,0.88822279477285,0.02229802874414359,0.6706632314663794,0.1337881547573315
pretrained,10,pairwise_plus_triadic,probe,2,0.9004111852910783,0.028433123332860383,0.597532886494365,0.1705987521436501,0.8956375070330169,0.02838727780570623,0.6261749528348446,0.17032367034647486
pretrained,10,raw_projection_r4,raw_projection,2,1.0,0.0,2.879291676196601e-15,4.245368251357391e-17,0.9994505459649695,0.000227169464668548,0.0032967166387404883,0.001363023702157178
pretrained,10,raw_skew_bilinear_r8,raw_skew_bilinear,2,0.6422900547169976,0.000402392060488206,2.1462596787346735,0.002414334216369129,0.6412756823831134,0.000792310409935692,2.15234592391385,0.004753863630360345
pretrained,11,exact_r1,probe,2,1.0,0.0,2.7012324552682954e-15,2.0706087740446187e-16,0.998872849262423,0.0003552265174534655,0.006762899397775376,0.0021313499845657083
pretrained,11,exact_r16,probe,2,1.0,0.0,2.9183915543324574e-15,2.3286994369542255e-16,0.9993056934326887,0.0003322989245500482,0.004165850823887417,0.001993790201985653
pretrained,11,exact_r2,probe,2,1.0,0.0,3.006624383489467e-15,1.2209736491948736e-16,0.9988594959593482,0.0013032036781861912,0.006843020999036121,0.007819219583283387
pretrained,11,exact_r4,probe,2,1.0,0.0,2.6916432202860267e-15,3.505805406536953e-16,0.9991245600912306,0.0006377830874808408,0.005252640044798479,0.003826699903140902
pretrained,11,exact_r64,probe,2,1.0,0.0,2.9173525621758956e-15,1.1929302288409057e-16,0.9995366397003334,2.4909958215739063e-05,0.002780158571113134,0.00014945786798363899
pretrained,11,exact_r8,probe,2,1.0,0.0,3.0803823714330133e-15,1.1605556787709266e-16,0.9994616609894567,0.00010150512359591536,0.0032300248126880936,0.0006090269257906234
pretrained,11,pairwise,probe,2,0.9428344544851117,0.021911132967644454,0.3429932775001766,0.13146679156798652,0.9380206269108586,0.017562035962924806,0.3718762353786992,0.10537221950930106
pretrained,11,pairwise_plus_triadic,probe,2,0.9512878933714496,0.0038008876777823066,0.29227264908452827,0.022805319773935427,0.9464265904906723,0.008876954891728541,0.3214404582977295,0.053261720862464286
pretrained,11,raw_projection_r4,raw_projection,2,1.0,0.0,2.6728318326218527e-15,1.2132840949354608e-16,0.9994463285224305,0.0002201561120018258,0.0033220302171280817,0.0013209251886408878
pretrained,11,raw_skew_bilinear_r8,raw_skew_bilinear,2,0.7025654243512286,0.0031546649765736685,1.7846074431306787,0.018928006249883063,0.7008884062783586,0.0038125913307781754,1.7946695726778772,0.02287555325302543
pretrained,12,exact_r1,probe,2,1.0,0.0,2.9357160669807637e-15,2.866206461800989e-16,0.9996799996329678,0.00018450895144142744,0.0019199988836488854,0.001107051137209683
pretrained,12,exact_r16,probe,2,1.0,0.0,2.857844698850273e-15,3.755104835411154e-16,0.9996234503471189,0.00021293026897373037,0.0022592996990877306,0.0012775934093350546
pretrained,12,exact_r2,probe,2,1.0,0.0,2.66393381495972e-15,6.413503273861154e-16,0.9981935531314876,0.0024820112256789878,0.01083868768344271,0.014892086787996908
pretrained,12,exact_r4,probe,2,1.0,0.0,2.959535164564951e-15,4.464190241974751e-16,0.9993943002902799,0.0007500895117534734,0.0036341888931524916,0.004500525774939327
pretrained,12,exact_r64,probe,2,1.0,0.0,2.7918236495715387e-15,4.21020126593603e-16,0.9995603681438499,0.00021010321057260745,0.0026377824198991423,0.0012606227373722027
pretrained,12,exact_r8,probe,2,1.0,0.0,2.5894619895776684e-15,6.63399242555404e-16,0.9992419433676534,0.0007423186865592774,0.004548334075176778,0.004453908417329681
pretrained,12,pairwise,probe,2,0.9056230023917224,0.026016363038523924,0.5662619814069735,0.156098179840919,0.9001916764924924,0.02164212660941333,0.5988499283169706,0.12985275716864533
pretrained,12,pairwise_plus_triadic,probe,2,0.944531120152937,0.009087615962671056,0.33281328172112506,0.05452569877606221,0.9409164275146193,0.012462357440532652,0.3545014303591516,0.07477414961886528
pretrained,12,raw_projection_r4,raw_projection,2,1.0,0.0,2.744840140492108e-15,7.299090046808809e-17,0.9993757593135039,0.00014129204127670837,0.003745442408318114,0.000847750589865916
pretrained,12,raw_skew_bilinear_r8,raw_skew_bilinear,2,0.759544403395719,0.002003433175464925,1.4427335866623454,0.012020561588924084,0.7562830872419808,0.002598132817801305,1.4623014686836138,0.015588806272773922
pretrained,13,exact_r1,probe,2,1.0,0.0,1.9075197701121077e-15,1.648166689998207e-15,0.9967320366866059,0.004572331300094922,0.01960778407907229,0.02743398581396746
pretrained,13,exact_r16,probe,2,1.0,0.0,2.9535882379214634e-15,2.0499746007895213e-16,0.9994301936692662,7.309258665707838e-05,0.003418836973853306,0.00043855141089939575
pretrained,13,exact_r2,probe,2,1.0,0.0,3.050202559122475e-15,2.0020158777500343e-16,0.9977671386053164,0.0029406028891054994,0.013397181217240157,0.01764361118164363
pretrained,13,exact_r4,probe,2,1.0,0.0,2.8928727642908147e-15,4.093734148358293e-16,0.9989954798171918,0.0009053128425817726,0.006027123905369081,0.005431889844516393
pretrained,13,exact_r64,probe,2,1.0,0.0,2.9399516298781254e-15,2.1360093200716407e-16,0.9995361154692041,2.6897591884046187e-05,0.0027833106206445438,0.00016139217790838868
pretrained,13,exact_r8,probe,2,1.0,0.0,2.957308178323955e-15,2.414872484973883e-16,0.999367740833097,0.0003933945863904217,0.0037935523925827714,0.00236035570455706
pretrained,13,pairwise,probe,2,0.9087108317762613,0.035174210577822954,0.5477350101185342,0.21104527466219425,0.9051724676456716,0.03417886211548264,0.5689651759651799,0.2050731708636057
pretrained,13,pairwise_plus_triadic,probe,2,0.8837969733609093,0.02023245765039702,0.6972181548674901,0.121394718389856,0.876585472582115,0.025696298700186394,0.7404871717509296,0.154177791323059
pretrained,13,raw_projection_r4,raw_projection,2,1.0,0.0,2.663936823246151e-15,2.74057768524855e-17,0.9994621262368228,0.00014964911742622436,0.003227247683147046,0.0008979039544781307
pretrained,13,raw_skew_bilinear_r8,raw_skew_bilinear,2,0.7673150009165207,0.0013536675048032613,1.3961099872572555,0.00812199478479387,0.7641396145853732,0.001344737933961446,1.4151623195244207,0.008068416481683844
pretrained,14,exact_r1,probe,2,1.0,0.0,1.511587675342938e-15,1.6308442880191597e-15,0.9984805138988627,0.0014648192810386164,0.009116897140403226,0.008788903666651226
pretrained,14,exact_r16,probe,2,1.0,0.0,2.887234900999771e-15,1.7766658499356931e-16,0.9996009653227197,3.1520281643654324e-05,0.002394211940554669,0.00018911376960647564
pretrained,14,exact_r2,probe,2,1.0,0.0,2.4710692624948557e-15,5.814727603898829e-16,0.9991462067183521,0.00033579184462038855,0.005122754073252306,0.002014743134890615
pretrained,14,exact_r4,probe,2,1.0,0.0,3.0859453764870277e-15,1.0453347448820837e-16,0.9993703466736608,0.00025952009776520013,0.003777924984509203,0.0015571066845564178
pretrained,14,exact_r64,probe,2,1.0,0.0,2.8934097914052254e-15,2.9049025004207534e-16,0.9995619128975604,3.627438761834996e-05,0.002628516015344455,0.0002176398088635631
pretrained,14,exact_r8,probe,2,1.0,0.0,2.9241126060288435e-15,2.854713225188707e-16,0.9994025642259254,0.0002142204308365154,0.0035846137604191126,0.0012853187246448542
pretrained,14,pairwise,probe,2,0.8822382920318179,0.0190601395468291,0.7065702499821782,0.11436083040284324,0.8781329540328847,0.021249408128717822,0.7312022780792581,0.12749643706484892
pretrained,14,pairwise_plus_triadic,probe,2,0.8718985720641084,0.009445985639889477,0.7686085630622175,0.056675921741871346,0.8655383688294225,0.011583021398269552,0.8067697969058322,0.0694981392921872
pretrained,14,raw_projection_r4,raw_projection,2,1.0,0.0,3.047986304492974e-15,1.359710264722956e-16,0.999486817460921,0.00010652586692485412,0.0030790962070265477,0.0006391476477233878
pretrained,14,raw_skew_bilinear_r8,raw_skew_bilinear,2,0.7314252764400508,0.005955465305736301,1.6114483270794153,0.035732797980833,0.7297715271512668,0.006175773029318178,1.6213708366784785,0.037054646956502145
pretrained,15,exact_r1,probe,2,1.0,0.0,1.9071092066664877e-15,5.913416146856718e-17,0.9998100441363122,0.00022868528778270894,0.0011397329365334169,0.001372101574921269
pretrained,15,exact_r16,probe,2,1.0,0.0,3.0433437911715105e-15,4.34020976855067e-17,0.9994187452312973,7.233306532459064e-05,0.003487534952000715,0.00043400209626034915
pretrained,15,exact_r2,probe,2,1.0,0.0,3.0345661505390884e-15,1.7386446161567272e-16,0.9987289050800934,0.0006111910602484985,0.00762656943697948,0.0036671503196178254
pretrained,15,exact_r4,probe,2,1.0,0.0,3.155868605109251e-15,3.46683650371365e-17,0.9990374023715656,0.00019617836012295972,0.005775583303248923,0.0011770691134687997
pretrained,15,exact_r64,probe,2,1.0,0.0,2.9655584277550868e-15,6.917805086634067e-17,0.9993813722911808,0.00014872715511504855,0.0037117679150671596,0.0008923439929625132
pretrained,15,exact_r8,probe,2,1.0,0.0,2.8798221153229324e-15,6.564819430086787e-17,0.9992208356658618,0.00013440688527418068,0.004674985863352453,0.0008064304993958434
pretrained,15,pairwise,probe,2,0.8221329185697768,0.01344487511436578,1.0672024897196226,0.08066925317402956,0.8142704404890537,0.0119849761852043,1.1143773667928245,0.07190988959942195
pretrained,15,pairwise_plus_triadic,probe,2,0.7745045551823245,0.021807132399392852,1.352972679047121,0.13084279761590817,0.7709236250569423,0.02144573341743763,1.3744582729414105,0.12867440387051998
pretrained,15,raw_projection_r4,raw_projection,2,1.0,0.0,2.7858295137889157e-15,1.3507428016888147e-16,0.9995507117774751,0.00019161362228005407,0.0026957305470002918,0.0011496867905245404
pretrained,15,raw_skew_bilinear_r8,raw_skew_bilinear,2,0.5922124203708437,0.0015865273793937195,2.446725480672386,0.009519113348920418,0.5919238469666905,0.0019005202300541577,2.448456945518653,0.011403085087205203
pretrained,16,exact_r1,probe,2,1.0,0.0,2.5498264627061338e-15,7.44776721962734e-16,0.9992365071343051,0.0007626401993298233,0.004580956392096091,0.0045758342974111235
pretrained,16,exact_r16,probe,2,1.0,0.0,2.779569759948867e-15,4.461999508166298e-16,0.9993959955043263,0.00017338101268875072,0.0036240042920528343,0.0010402878488293974
pretrained,16,exact_r2,probe,2,1.0,0.0,2.6946247699186435e-15,3.0606361880852064e-16,0.9983990989211533,0.0022157807057207376,0.009605411377454704,0.013294677257332512
pretrained,16,exact_r4,probe,2,1.0,0.0,2.866279789141995e-15,4.3546453258377476e-16,0.999008114139239,0.0007153613866398669,0.0059513148504872024,0.00429216149715814
pretrained,16,exact_r64,probe,2,1.0,0.0,2.9514747006503406e-15,2.594530590455093e-16,0.9994423526028792,5.707971108747962e-05,0.0033458844853966082,0.00034248224408786913
pretrained,16,exact_r8,probe,2,1.0,0.0,2.9548687227005912e-15,1.4333928350044813e-16,0.9992233986655872,2.142172112860149e-05,0.004659616736818053,0.00012853164729028274
pretrained,16,pairwise,probe,2,0.8618873117698563,0.004106656624627057,0.828676131191767,0.024639949040556865,0.8575873339755667,0.001179270870139986,0.8544759840394061,0.007075642050310456
pretrained,16,pairwise_plus_triadic,probe,2,0.8178781583491299,0.1311653070568321,1.092731048922158,0.7869918378775241,0.8048704390724499,0.14482390386432697,1.1707773584251604,0.8689434221615595
pretrained,16,raw_projection_r4,raw_projection,2,1.0,0.0,2.9553310607823623e-15,1.071655273232272e-16,0.9995065323180623,0.000288708253791147,0.002960807523373256,0.0017322524530416477
pretrained,16,raw_skew_bilinear_r8,raw_skew_bilinear,2,0.6654310334059927,0.0023939936789794196,2.007413780937592,0.014363975537453107,0.6647047704706589,0.0024136999648362947,2.011771372622914,0.014482196862153147
pretrained,17,exact_r1,probe,2,1.0,0.0,1.6296329265174634e-15,1.7292538662466266e-15,0.9995675618863769,0.00041915772560199735,0.002594626567467155,0.002514967345004264
pretrained,17,exact_r16,probe,2,1.0,0.0,2.8713163990637844e-15,1.5644989209884439e-16,0.9992361335704724,0.00046530618322990344,0.004583197655544306,0.0027918514958939766
pretrained,17,exact_r2,probe,2,1.0,0.0,2.9835048193259148e-15,3.1683061144917653e-16,0.9986544313530128,0.0007542383421537646,0.00807341202097531,0.004525415290550129
pretrained,17,exact_r4,probe,2,1.0,0.0,2.6340279013733306e-15,1.8813543913234175e-16,0.9993264199131064,8.308197512709986e-06,0.004041478553618718,4.985285051669892e-05
pretrained,17,exact_r64,probe,2,1.0,0.0,2.8189101136427718e-15,1.2248139682110122e-16,0.9994550355606608,0.00019177986818249627,0.0032697961982598323,0.0011506847632775986
pretrained,17,exact_r8,probe,2,1.0,0.0,2.7383454790649975e-15,2.4415883285309446e-16,0.9992328735275401,0.00022399206058917827,0.004602760337648862,0.0013439475810842418
pretrained,17,pairwise,probe,2,0.876582703863581,0.043616205017249436,0.7405037788363795,0.26169723310353277,0.8710423728658093,0.04511518607512479,0.7737457610977192,0.2706911244264547
pretrained,17,pairwise_plus_triadic,probe,2,0.8482190136694245,0.04854065743158476,0.9106859163277679,0.29124394634562695,0.8385614324361086,0.05061596942300699,0.9686314206466906,0.30369582509912013
pretrained,17,raw_projection_r4,raw_projection,2,1.0,0.0,2.6756196097273964e-15,7.023125658189793e-17,0.9995001281301181,0.0003124966375382231,0.002999235131735784,0.0018749664193897584
pretrained,17,raw_skew_bilinear_r8,raw_skew_bilinear,2,0.6422148036460082,0.0018429335860386683,2.146711190127664,0.01105760327235075,0.640483206965857,0.0017080510852865874,2.1571007639997535,0.010248295975007397
pretrained,18,exact_r1,probe,2,1.0,0.0,2.4408236190841994e-15,3.072424819929837e-16,0.9992308931218253,0.00017277398099560594,0.004614646827071233,0.001036640379453106
pretrained,18,exact_r16,probe,2,1.0,0.0,3.0071063320245424e-15,1.1032531526216493e-16,0.9992134573145045,0.0004743016085225168,0.00471924929661327,0.002845812078946112
pretrained,18,exact_r2,probe,2,1.0,0.0,2.670146061802373e-15,1.3638053221625456e-16,0.9993724431842566,0.0003352041302328374,0.0037653392335212426,0.002011221418361034
pretrained,18,exact_r4,probe,2,1.0,0.0,3.0898795245000362e-15,4.8946798411213733e-17,0.9993197216341894,0.00033288780968340005,0.004081677330153373,0.001997343863640403
pretrained,18,exact_r64,probe,2,1.0,0.0,3.0349372928372054e-15,1.9344291823919865e-17,0.9993828613724973,0.00026932304496781563,0.0037028369543905784,0.0016159369058421046
pretrained,18,exact_r8,probe,2,1.0,0.0,3.009443644444782e-15,1.3731312405624604e-17,0.9991764407604933,0.0006755838349255579,0.00494136424741656,0.004053508527149796
pretrained,18,pairwise,probe,2,0.8811997183495097,0.01760687172183336,0.7128017037175596,0.10564122806268053,0.8728948802583747,0.009124093181997864,0.7626307182945311,0.05474454292106092
pretrained,18,pairwise_plus_triadic,probe,2,0.835911464980907,0.08588318433923038,0.9845312168407772,0.5152991187672424,0.8262744651486477,0.07827231404498072,1.0423531975183222,0.469633887196749
pretrained,18,raw_projection_r4,raw_projection,2,1.0,0.0,2.881146620999899e-15,2.3036261990632157e-16,0.9994590470774306,0.00040748656080188175,0.003245710042190492,0.002444911444841876
pretrained,18,raw_skew_bilinear_r8,raw_skew_bilinear,2,0.7056592847738001,0.0017751286727510454,1.7660442998425827,0.010650760621734695,0.7040300433420472,0.0024021218743265882,1.775819734359781,0.014412739733866644
pretrained,19,exact_r1,probe,2,1.0,0.0,2.170627239712457e-15,7.84773314105383e-16,0.9997119251638651,0.0003760760365762769,0.0017284491219697884,0.00225647608488924
pretrained,19,exact_r16,probe,2,1.0,0.0,2.9584830012574504e-15,4.7546984219552873e-17,0.9992668283068471,0.0006454037645272168,0.0043990137876082575,0.003872425869024377
pretrained,19,exact_r2,probe,2,1.0,0.0,2.736454635680068e-15,5.87023573031857e-17,0.9991724240697093,0.0002850646002001255,0.004965456474666199,0.001710388037372316
pretrained,19,exact_r4,probe,2,1.0,0.0,2.9959720413790378e-15,1.149402487577988e-16,0.9993781606770225,0.0006040975114949392,0.003731040308897112,0.0036245889507808696
pretrained,19,exact_r64,probe,2,1.0,0.0,3.0346901900919066e-15,1.6901737817200515e-18,0.9994915754844745,0.00035846919061085093,0.0030505508718003207,0.002150804481189165
pretrained,19,exact_r8,probe,2,1.0,0.0,2.9872125346193385e-15,2.0413666965810449e-16,0.9991879098945193,0.0007663292193203273,0.004872546230520432,0.004597968515535535
pretrained,19,pairwise,probe,2,0.8996057872556977,0.021808792809612336,0.6023652777075768,0.1308527501258855,0.8966510386930572,0.022775912834789455,0.6200937672207752,0.13665547466724545
pretrained,19,pairwise_plus_triadic,probe,2,0.9124341058648295,0.00215114675741062,0.525395352082948,0.01290686269059012,0.8997952236483494,0.019810282912889093,0.6012286588860054,0.11886169579438738
pretrained,19,raw_projection_r4,raw_projection,2,1.0,0.0,2.828479529139175e-15,8.93429424349572e-17,0.999529030174017,0.00028175460915978907,0.0028258137826924212,0.0016905279899476252
pretrained,19,raw_skew_bilinear_r8,raw_skew_bilinear,2,0.7519271922194295,0.0050896344015564,1.488436856203609,0.030537794701880706,0.749232814543777,0.005049760848687063,1.5046031177043915,0.03029855221391896
pretrained,20,exact_r1,probe,2,1.0,0.0,2.8592290372467255e-15,6.181119125589386e-16,0.999921241361234,5.3784939742395194e-05,0.0004725403711947567,0.000322700374456783
pretrained,20,exact_r16,probe,2,1.0,0.0,3.0120470027816185e-15,5.69351751214482e-17,0.9994099291248455,0.0004532960875229604,0.003540431726125664,0.0027197725012708084
pretrained,20,exact_r2,probe,2,1.0,0.0,2.7171390063314367e-15,2.7159902257620775e-16,0.9991146462659042,0.0008999792174399737,0.005312123420177765,0.005399876863824153
pretrained,20,exact_r4,probe,2,1.0,0.0,3.0690120323920075e-15,3.2322117104288604e-16,0.99924545817905,0.0005830981369108169,0.004527254828038471,0.003498583965842618
pretrained,20,exact_r64,probe,2,1.0,0.0,3.047778190262486e-15,1.1337559650330948e-16,0.9994731301234828,0.00041410273795880047,0.0031612218166022408,0.0024846004403270257
pretrained,20,exact_r8,probe,2,1.0,0.0,2.9613141145850576e-15,7.803475885290373e-17,0.9993876638925738,0.0004641933893546279,0.003674017248663909,0.0027851586426050545
pretrained,20,pairwise,probe,2,0.9415280638883511,0.01129164618556421,0.35083162381003297,0.06774989423554235,0.9347464924471246,0.00826016620316219,0.3915210474903385,0.04956099663360035
pretrained,20,pairwise_plus_triadic,probe,2,0.9188913647085428,0.01947994235336249,0.4866518103517592,0.11687966136416485,0.9120345966269572,0.025072213338471594,0.5277924181169106,0.15043326225012785
pretrained,20,raw_projection_r4,raw_projection,2,1.0,0.0,2.9932407234402492e-15,1.5990450778228135e-16,0.9995570971320072,0.0003094055759609675,0.0026574169686581525,0.001856429115774673
pretrained,20,raw_skew_bilinear_r8,raw_skew_bilinear,2,0.7712911059045129,0.006197635243550895,1.3722533813367286,0.037185783656093055,0.769154591485858,0.006181714271525983,1.3850724382532968,0.0370902862145286
pretrained,21,exact_r1,probe,2,1.0,0.0,2.302031197022514e-15,4.855468708819899e-16,0.9989060016555918,0.000249728565334004,0.006563987349687118,0.0014983685800420508
pretrained,21,exact_r16,probe,2,1.0,0.0,3.0456349425019395e-15,4.302433118898759e-17,0.9992483653542068,0.0005705720349961245,0.004509810763718431,0.0034234196524704384
pretrained,21,exact_r2,probe,2,1.0,0.0,2.953494300327038e-15,4.8268527699466697e-17,0.9988187102393971,0.000508168357419682,0.00708773362485873,0.0030490149109625767
pretrained,21,exact_r4,probe,2,1.0,0.0,3.101901092267775e-15,1.928673078794858e-16,0.9992065758754809,0.0006329259558763907,0.004760546256066946,0.0037975510562768015
pretrained,21,exact_r64,probe,2,1.0,0.0,3.072398105052753e-15,4.575032860884754e-17,0.999338547181752,0.0005519542500392981,0.0039687121979012675,0.0033117332907260104
pretrained,21,exact_r8,probe,2,1.0,0.0,3.1454954988157852e-15,1.2503404762978985e-16,0.9991178845779762,0.000403352072037551,0.005292689114463024,0.002420114860036578
pretrained,21,pairwise,probe,2,0.9334253391457928,0.0014898021181798794,0.39944796243475544,0.008938810221244696,0.9301369078457355,0.0006389333452214244,0.4191785557712946,0.003833599705470587
pretrained,21,pairwise_plus_triadic,probe,2,0.9373365154282914,0.024367341834127816,0.37598090140252477,0.14620404306564666,0.9321199463059504,0.02221869315555076,0.40728031789573527,0.1333121558235113
pretrained,21,raw_projection_r4,raw_projection,2,1.0,0.0,2.674708232858856e-15,3.29093944669591e-17,0.9994854680779908,0.0003528010248589968,0.003087191696370913,0.0021168052993915756
pretrained,21,raw_skew_bilinear_r8,raw_skew_bilinear,2,0.7598412388728725,0.005430474502031769,1.4409525593121848,0.032582842329207565,0.7577601565668981,0.005358825152249758,1.4534390676352713,0.032152963206329106
pretrained,22,exact_r1,probe,2,1.0,0.0,3.033567790508086e-15,3.878659289648577e-16,0.9990872999446259,0.00031281010472402286,0.005476202323431304,0.0018768588390696153
pretrained,22,exact_r16,probe,2,1.0,0.0,3.025811188177556e-15,9.047936989907985e-17,0.9991853822850518,0.0005858350478859931,0.004887707129657631,0.0035150083105392844
pretrained,22,exact_r2,probe,2,1.0,0.0,3.07893467827968e-15,1.2238484448596772e-17,0.9989488317320744,0.000651521496663161,0.00630701912895246,0.003909126184022969
pretrained,22,exact_r4,probe,2,1.0,0.0,3.097563790302461e-15,1.7319753161924287e-16,0.999119168975287,0.0007324100795490326,0.005284982096377967,0.004394467035299659
pretrained,22,exact_r64,probe,2,1.0,0.0,2.924805270530183e-15,2.1511823074113847e-16,0.9993025420440568,0.0005181937463227018,0.004184764571012542,0.0031091510191477555
pretrained,22,exact_r8,probe,2,1.0,0.0,3.0186580596418993e-15,1.9246852834516136e-16,0.9991346405198177,0.0006297795765604646,0.005192145081511828,0.0037786906571207536
pretrained,22,pairwise,probe,2,0.9488879202140703,0.0007617580423756355,0.30667248354034704,0.0045705473944873155,0.9466448395202558,0.0012912538758876307,0.3201309674574683,0.007747531194445507
pretrained,22,pairwise_plus_triadic,probe,2,0.9479982836378945,0.011186553896861589,0.3120103051575522,0.06711931525912081,0.9455826027939717,0.01003702172595638,0.3265043815804852,0.06022212728253056
pretrained,22,raw_projection_r4,raw_projection,2,1.0,0.0,2.462133273362326e-15,2.124838828038096e-16,0.9995210982031293,0.0003033601373777646,0.0028734061316855433,0.0018201693033125885
pretrained,22,raw_skew_bilinear_r8,raw_skew_bilinear,2,0.8084893998586469,0.004271808172457625,1.1490636056082115,0.025630843473703098,0.8070597050504552,0.0038673915998087434,1.1576417741469212,0.023204350623254887
pretrained,23,exact_r1,probe,2,1.0,0.0,3.0194224682865227e-15,2.5590702691544943e-16,0.9992672099421422,0.0001605259312064975,0.004396745085412274,0.0009631505464010595
pretrained,23,exact_r16,probe,2,1.0,0.0,2.673816205904704e-15,4.759381080563396e-16,0.9993822727766302,0.0003228249569149935,0.0037063694378755624,0.0019369591000247524
pretrained,23,exact_r2,probe,2,1.0,0.0,2.540346170282693e-15,3.6300242016237424e-16,0.9992789814455642,0.00010966053878285186,0.0043261240490311235,0.0006579701234049048
pretrained,23,exact_r4,probe,2,1.0,0.0,2.322023064007587e-15,6.112065600871907e-16,0.9994018613878224,0.00028998758625537374,0.003588841875171056,0.001739928961742938
pretrained,23,exact_r64,probe,2,1.0,0.0,2.6501189653170786e-15,3.875023840805293e-16,0.999348915906416,0.00039181437225769373,0.003906510038682932,0.0023508793016792846
pretrained,23,exact_r8,probe,2,1.0,0.0,2.588988118759979e-15,8.421759767577813e-16,0.999208625819948,0.00033659526892012746,0.004748245335374829,0.0020195633845726813
pretrained,23,pairwise,probe,2,0.9764794945302937,0.013170089076846248,0.14112304277821547,0.07902052992443744,0.9753656074818637,0.013094216554306112,0.14780635334965256,0.07856529361845073
pretrained,23,pairwise_plus_triadic,probe,2,0.9848487731069326,0.004076144940483201,0.09090736732792316,0.024456858310445598,0.983562010857794,0.00463449790164849,0.09862794374607296,0.02780697834575756
pretrained,23,raw_projection_r4,raw_projection,2,1.0,0.0,2.30607073126917e-15,3.602435245809189e-17,0.9996084179729223,0.0001861611664403092,0.002349484007936553,0.0011169670909642688
pretrained,23,raw_skew_bilinear_r8,raw_skew_bilinear,2,0.8720766670174069,0.0003778576189852323,0.7675400073640049,0.0022671446163370045,0.8710037293947406,4.9313276189977254e-05,0.7739776279777288,0.00029588507183922117
pretrained,24,exact_r1,probe,2,1.0,0.0,2.129695999233022e-15,6.647194571690646e-16,0.9997892493589058,0.00028131060381819347,0.0012645077625153237,0.0016878701713844075
pretrained,24,exact_r16,probe,2,1.0,0.0,2.8287929545596482e-15,1.0366784183366524e-16,0.999362979291214,0.00046956184418370304,0.0038221236607367043,0.0028173512656071084
pretrained,24,exact_r2,probe,2,1.0,0.0,2.7125998785924232e-15,6.370015273929225e-16,0.9994564205408096,0.0002685134742525642,0.00326147120985196,0.001611082102295405
pretrained,24,exact_r4,probe,2,1.0,0.0,2.937126303138447e-15,2.161629878286234e-16,0.9991822244806422,0.0003266951498168396,0.004906661094638467,0.001960185381163367
pretrained,24,exact_r64,probe,2,1.0,0.0,2.845285480687531e-15,3.182478822286562e-17,0.9993794779810641,0.00043132733542308743,0.0037231246501000393,0.0025879596862671225
pretrained,24,exact_r8,probe,2,1.0,0.0,2.991233612881099e-15,7.652002356266531e-17,0.9993392883075608,0.0005346017485971687,0.003964265876574145,0.003207616868660703
pretrained,24,pairwise,probe,2,0.9407795953253906,0.007285266572197329,0.3553224347221355,0.04371160740888995,0.9391636951929994,0.007182729728872267,0.3650178354130023,0.04309637090972891
pretrained,24,pairwise_plus_triadic,probe,2,0.8875224207424455,0.05612455198666863,0.6748654730100598,0.3367473172615395,0.8859373639441199,0.054884768486092694,0.6843758144208955,0.32930861216047375
pretrained,24,raw_projection_r4,raw_projection,2,1.0,0.0,1.8137931694133455e-15,1.867424503923324e-17,0.9995972172667582,0.0003992216808834834,0.0024166903445398524,0.002395335081121344
pretrained,24,raw_skew_bilinear_r8,raw_skew_bilinear,2,0.8105580098927021,0.00515036947369283,1.1366519324688449,0.030902226061780405,0.8095299802306626,0.005195337526876,1.1428201188229852,0.031172030136925478
random_control,0,exact_r1,probe,2,1.0,0.0,2.977219367798946e-15,8.395815191478741e-17,0.9982627131458786,0.002040909333638775,0.010423721512779593,0.012245455196944761
random_control,0,exact_r16,probe,2,1.0,0.0,2.9753656336663834e-15,1.1238049473256177e-17,0.9991256851289008,0.0005143888224988715,0.005245880284847872,0.003086321417895726
random_control,0,exact_r2,probe,2,1.0,0.0,3.311947085869903e-15,1.3665619912827286e-16,0.9977872841474082,0.0017553486299092763,0.013276297605544742,0.010532089255034887
random_control,0,exact_r4,probe,2,1.0,0.0,3.239056579100035e-15,6.879461170097579e-17,0.9990775196088685,9.957192960698716e-06,0.005534888196254744,5.9735859467548566e-05
random_control,0,exact_r64,probe,2,1.0,0.0,2.9861829410727146e-15,9.148914940638682e-17,0.9992137153943379,0.00024940456143615505,0.004717711488612824,0.0014964272405663473
random_control,0,exact_r8,probe,2,1.0,0.0,3.0068970152572615e-15,9.336225600262572e-17,0.9989493621720208,0.00048806284724775426,0.006303825705496516,0.002928374848893989
random_control,0,pairwise,probe,2,0.8642776894072691,0.024839237560047734,0.814333863918566,0.14903541636017822,0.8569512385874987,0.02720938578142282,0.8582925683197875,0.16325631900566182
random_control,0,pairwise_plus_triadic,probe,2,0.7481123745027516,0.16498090431425355,1.511325748740799,0.9898854311538776,0.757788348529074,0.1497745136665193,1.4532699081011944,0.8986470762917302
random_control,0,raw_projection_r4,raw_projection,2,1.0,0.0,2.9404090539556043e-15,1.3979638199327373e-16,0.9990121918833919,5.091485643339123e-05,0.005926846714121186,0.0003055043720153727
random_control,0,raw_skew_bilinear_r8,raw_skew_bilinear,2,0.733755908285578,0.04535968082139586,1.5974645521491766,0.2721580928309094,0.7322612007459004,0.045262502188874176,1.6064328069074287,0.2715750222065246
random_control,1,exact_r1,probe,2,1.0,0.0,2.6687383027820777e-15,5.148440621340579e-16,0.9990758771697681,0.0009680381825645411,0.005544732118879538,0.005808233206359965
random_control,1,exact_r16,probe,2,1.0,0.0,2.9258769359533048e-15,6.717362399449905e-17,0.9992936299078994,0.0003564364832295704,0.004238231823061748,0.002138601010061334
random_control,1,exact_r2,probe,2,1.0,0.0,3.1228373018422487e-15,5.593215882214997e-17,0.9983158119850688,0.002234680347726902,0.01010512600558084,0.01340807661428259
random_control,1,exact_r4,probe,2,1.0,0.0,2.8115076800623676e-15,4.5449570414861803e-17,0.9984738387995296,0.001873805567200037,0.00915696149119564,0.011242840136131886
random_control,1,exact_r64,probe,2,1.0,0.0,2.908116570064409e-15,1.4699779941361602e-17,0.9993474481420385,0.0003016060674948507,0.003915313328939697,0.001809642829208186
random_control,1,exact_r8,probe,2,1.0,0.0,3.054872371701877e-15,6.4882989318412e-17,0.9987947324083911,0.0010103126423667685,0.007231603562508503,0.006061868136882158
random_control,1,pairwise,probe,2,0.8913975206928121,0.010972094633883538,0.6516148815862834,0.06583256553498143,0.8867896606938707,0.011876378098227764,0.6792620482026703,0.07125826661373283
random_control,1,pairwise_plus_triadic,probe,2,0.8552512580321894,0.12221261486370234,0.8684924336590081,0.7332756782613511,0.8542637202060885,0.12244114824721856,0.8744176852180519,0.7346468843064199
random_control,1,raw_projection_r4,raw_projection,2,1.0,0.0,2.8311738174876846e-15,1.1507645013078627e-16,0.9990656044748094,7.392557228810813e-05,0.0056063623908105195,0.0004435546982255687
random_control,1,raw_skew_bilinear_r8,raw_skew_bilinear,2,0.7800716654294066,0.0402645919151947,1.3195699990416565,0.2415875668572065,0.7784658877385987,0.03967869393972237,1.3292046736718879,0.2380721459308037
random_control,2,exact_r1,probe,2,1.0,0.0,1.9105629878027888e-15,6.036641161099489e-17,0.9989334733949767,0.0005148366327642997,0.006399163996926896,0.0030890460954920216
random_control,2,exact_r16,probe,2,1.0,0.0,2.7473498979200057e-15,2.335262767970008e-16,0.9992343348761399,0.00035321751767455087,0.004593990758924823,0.0021193214901999457
random_control,2,exact_r2,probe,2,1.0,0.0,2.85905557267003e-15,1.9063850648637278e-16,0.9992443331413798,0.00047786038304357693,0.004533998678501424,0.002867163859160837
random_control,2,exact_r4,probe,2,1.0,0.0,2.9485173522085413e-15,2.4407008222483425e-16,0.9993258753998413,0.0003127626895194481,0.004044750538822781,0.0018765717868357461
random_control,2,exact_r64,probe,2,1.0,0.0,2.8571247616526834e-15,1.7953450803153845e-16,0.9994280837062333,4.1016200762334595e-05,0.003431501114795942,0.0002460998416100963
random_control,2,exact_r8,probe,2,1.0,0.0,2.80789086644968e-15,8.409066760627316e-17,0.9994809699969159,9.300785063784595e-05,0.0031141813793106442,0.0005580282184056196
random_control,2,pairwise,probe,2,0.9318419806659222,0.024786648829818264,0.4089481250848621,0.14871988028363498,0.929672278670801,0.02264192653994117,0.4219663179893461,0.13585154716633088
random_control,2,pairwise_plus_triadic,probe,2,0.9534170927686824,0.012517054683933467,0.27949743416522527,0.07510234974410471,0.9511244895143641,0.013318674864406943,0.2932530630949057,0.07991204680836404
random_control,2,raw_projection_r4,raw_projection,2,1.0,0.0,2.810110915724287e-15,1.1933117402893056e-16,0.9989710410849916,0.00011012122725200921,0.006173747788125183,0.0006607315308638102
random_control,2,raw_skew_bilinear_r8,raw_skew_bilinear,2,0.7841137070208788,0.13912856246849806,1.2953177626348205,0.8347713926648619,0.7829035721305344,0.1391066736197985,1.302578556454844,0.8346400440602828
random_control,3,exact_r1,probe,2,1.0,0.0,1.7883343156266285e-15,8.617849098167766e-16,0.9990334773643149,0.0011336141257446807,0.005799142645628308,0.006801694538599063
random_control,3,exact_r16,probe,2,1.0,0.0,2.904731016873088e-15,4.4233187929207594e-17,0.9993388100216787,0.0003657313267583753,0.00396713718429156,0.0021944066581839916
random_control,3,exact_r2,probe,2,1.0,0.0,3.2532288888731812e-15,1.9425822285499263e-16,0.9994920080320703,0.00019089566242313762,0.0030479587156959395,0.0011453901843372868
random_control,3,exact_r4,probe,2,1.0,0.0,2.891361606043897e-15,1.2210239052090674e-16,0.9991498260448377,0.0002395817115550848,0.00510103582605047,0.0014374812669353582
random_control,3,exact_r64,probe,2,1.0,0.0,2.7494008584263352e-15,2.0526585765530525e-16,0.9995131823751662,4.617772627260937e-05,0.002920909723697049,0.00027707325691856224
random_control,3,exact_r8,probe,2,1.0,0.0,2.838957718665435e-15,2.9164370587855184e-16,0.9995671278900571,4.818321381427891e-05,0.0025972343925483683,0.00028909985625390417
random_control,3,pairwise,probe,2,0.9261905029416084,0.026893077488272316,0.44285699013724095,0.16135847740539397,0.923353173252609,0.02578601734052173,0.45988096159675884,0.15471610268945554
random_control,3,pairwise_plus_triadic,probe,2,0.9379940717998478,0.0005442407913889434,0.3720355641303791,0.003265432418916969,0.9365330431610346,0.0019390140590075464,0.38080174750131035,0.01163408995167391
random_control,3,raw_projection_r4,raw_projection,2,1.0,0.0,2.8864879736340657e-15,6.070398462463154e-17,0.9989176402903266,0.00011466547704344202,0.006494167972252601,0.0006879923683526379
random_control,3,raw_skew_bilinear_r8,raw_skew_bilinear,2,0.8312359036256869,0.1323144654671433,1.0125845793324213,0.7938868193641546,0.8301303914437692,0.13319735121064755,1.0192176511304245,0.7991841046297076
random_control,4,exact_r1,probe,2,1.0,0.0,2.3671715633249938e-15,7.139157139483181e-16,0.9989211391657591,0.0011864528102007517,0.006473175563163144,0.007118725631079661
random_control,4,exact_r16,probe,2,1.0,0.0,2.8421156532588772e-15,1.4534451260202011e-16,0.9992918866790004,0.00032200280068260057,0.004248675074551202,0.0019320117609707506
random_control,4,exact_r2,probe,2,1.0,0.0,2.7615828482062053e-15,3.000093532564456e-16,0.999301310421692,0.0002777977810693984,0.004192145737356946,0.0016667751430229445
random_control,4,exact_r4,probe,2,1.0,0.0,2.8958116803453437e-15,4.2322325349960875e-16,0.999447806013955,0.00021643284769682828,0.0033131625952794114,0.0012985971296269282
random_control,4,exact_r64,probe,2,1.0,0.0,2.6679722901308486e-15,1.3864423790378954e-16,0.99932601965136,8.386403331607427e-05,0.004043873636368921,0.0005031701932496465
random_control,4,exact_r8,probe,2,1.0,0.0,2.8464831922600296e-15,3.011763269871982e-16,0.999179140975078,0.00011127294842482411,0.004925159215215697,0.0006676451014612721
random_control,4,pairwise,probe,2,0.9229035209864378,0.0012873260237555126,0.46257886810538673,0.007723952227852047,0.9216169133368466,0.0012374979121035081,0.47029851977196,0.007425002033772068
random_control,4,pairwise_plus_triadic,probe,2,0.4981945844160186,0.04032849531813056,3.010832483828482,0.24197100359209148,0.5774200008147292,0.09696045936043732,2.5354799953185854,0.5817627748945565
random_control,4,raw_projection_r4,raw_projection,2,1.0,0.0,2.9168344593454936e-15,1.4973064581130863e-16,0.999018026722802,8.26780678289228e-05,0.005891836123838503,0.0004960768377148925
random_control,4,raw_skew_bilinear_r8,raw_skew_bilinear,2,0.8511273718128601,0.07222358215378659,0.8932357750212152,0.43334150799607146,0.850101450458169,0.07275676671460257,0.8993912996310327,0.43654060277545026
random_control,5,exact_r1,probe,2,1.0,0.0,2.2921370793533983e-15,6.544504827935114e-16,0.9995546802464459,0.00018920393475369842,0.002671921012127617,0.001135221888989361
random_control,5,exact_r16,probe,2,1.0,0.0,2.725667385673519e-15,2.6562880755874106e-16,0.9991581816640165,0.00012421964076533382,0.005050898327075023,0.0007453206233981946
random_control,5,exact_r2,probe,2,1.0,0.0,3.194062018818407e-15,5.0591207144474785e-17,0.998969227903419,0.0003517131093318878,0.006184641331249925,0.002110259615937204
random_control,5,exact_r4,probe,2,1.0,0.0,3.1704507747764407e-15,4.4483377672233505e-17,0.9994072015914652,0.00015135401598582324,0.0035567889442770844,0.0009081199411391367
random_control,5,exact_r64,probe,2,1.0,0.0,2.7255003576878737e-15,1.978682763489654e-16,0.9992789520571629,3.972633158582309e-06,0.004326293384817998,2.383729782633846e-05
random_control,5,exact_r8,probe,2,1.0,0.0,2.6843264140530007e-15,9.454473066688968e-17,0.9990176858587397,0.00010210278932281163,0.005893883362457726,0.0006126158635938487
random_control,5,pairwise,probe,2,0.9603945049974654,0.02358226516975416,0.23763296813962775,0.1414935991588667,0.958979166423281,0.023700383176138172,0.2461250019647802,0.14220231048989335
random_control,5,pairwise_plus_triadic,probe,2,0.7188807009822793,0.30285384309161045,1.686715804454353,1.8171230802084597,0.7792950409154097,0.21427882119750827,1.3242297615959413,1.2856729256484456
random_control,5,raw_projection_r4,raw_projection,2,1.0,0.0,2.7764498148198727e-15,4.1511806007861535e-16,0.9989227551139064,0.0004150864571105114,0.006463467918769715,0.0024905308628543495
random_control,5,raw_skew_bilinear_r8,raw_skew_bilinear,2,0.8584366463538673,0.03494531982415368,0.8493801204280721,0.20967193738416842,0.8561476266218556,0.03426072534424033,0.863114230438239,0.2055643668461076
random_control,6,exact_r1,probe,2,1.0,0.0,1.869417386830904e-15,3.5130872585197093e-16,0.9998516641143296,0.00018287605374813935,0.0008900191052008368,0.001097258269539542
random_control,6,exact_r16,probe,2,1.0,0.0,2.6394271867965144e-15,1.771902066301056e-17,0.9993017464876175,0.00011736668027197187,0.004189521801082365,0.0007041994951159425
random_control,6,exact_r2,probe,2,1.0,0.0,3.3914078913012533e-15,1.6877302763327891e-16,0.9988078199740913,0.000822058182450366,0.007153083591118856,0.0049323513884606315
random_control,6,exact_r4,probe,2,1.0,0.0,2.417098765449968e-15,8.137187513743988e-16,0.9990446459915903,0.00040978561285089635,0.005732122850329487,0.0024587041722272055
random_control,6,exact_r64,probe,2,1.0,0.0,2.508962415788067e-15,3.78434854748117e-16,0.9993402030732896,1.0092999472558428e-05,0.003958779648302071,6.05537174394078e-05
random_control,6,exact_r8,probe,2,1.0,0.0,2.70040817901612e-15,2.4841637183411217e-16,0.9993600563870536,0.00015317452569231803,0.0038396578832665305,0.000919057154083559
random_control,6,pairwise,probe,2,0.9747961028996441,0.010692370097926998,0.1512233892216399,0.06415423059835332,0.9728055252797074,0.009505943629506564,0.163166840282631,0.05703565790809035
random_control,6,pairwise_plus_triadic,probe,2,0.9536162043611208,0.004753871825580872,0.27830276779261315,0.028523230130304517,0.9515940793272522,0.0029939455796250394,0.29043552558869123,0.017963667477677858
random_control,6,raw_projection_r4,raw_projection,2,1.0,0.0,2.7098034150679605e-15,1.913542038243601e-16,0.9991953449530734,0.00036351451960129017,0.004827924776085031,0.00218109646299477
random_control,6,raw_skew_bilinear_r8,raw_skew_bilinear,2,0.8850045822974708,0.0009377126470015828,0.6899725003167987,0.005626276321039378,0.8833166714757681,0.00011134231511294596,0.7000999760089649,0.0006680420368768461
random_control,7,exact_r1,probe,2,1.0,0.0,2.009617207619721e-15,7.027365387072901e-16,0.9990214792390664,0.0002345044797416748,0.005871130444372992,0.0014070319150009942
random_control,7,exact_r16,probe,2,1.0,0.0,2.3464279151128475e-15,1.644295259087915e-16,0.9992478500223823,0.0002245382135011581,0.004512892112365484,0.0013472244591118912
random_control,7,exact_r2,probe,2,1.0,0.0,2.513889250892445e-15,2.887125233226087e-16,0.9975815976245536,0.0027300278679787456,0.014510417276647381,0.016380164623428273
random_control,7,exact_r4,probe,2,1.0,0.0,2.4403632895233303e-15,2.933612281942898e-16,0.9992226685086887,0.00015295969383950038,0.0046639825894898325,0.000917752902683926
random_control,7,exact_r64,probe,2,1.0,0.0,2.3708842718482305e-15,7.763687032389378e-17,0.9994245659973886,1.7719822934368464e-05,0.0034526005757571612,0.00010631383960270149
random_control,7,exact_r8,probe,2,1.0,0.0,2.377627529633099e-15,2.8157833274065783e-16,0.9991345827778181,0.0004866620499076281,0.005192499300594338,0.0029199540339822287
random_control,7,pairwise,probe,2,0.9517544387943215,0.0056556188691667016,0.2894733632500801,0.03393372126387772,0.9507940645433135,0.005068399414381713,0.2952356101789822,0.030410416937755775
random_control,7,pairwise_plus_triadic,probe,2,0.9909825656149123,0.006934812014591922,0.054104615396479656,0.041608874274839606,0.9901688357608186,0.006579318274411352,0.0589869807315861,0.03947592085315792
random_control,7,raw_projection_r4,raw_projection,2,1.0,0.0,2.559750575607239e-15,7.352243213037957e-16,0.999552398092217,0.00010134560948184677,0.0026855996697526686,0.0006080763773885913
random_control,7,raw_skew_bilinear_r8,raw_skew_bilinear,2,0.8919777710818582,0.021494552931589837,0.6481333738192916,0.12896733178483177,0.8910652968204684,0.02209070195721672,0.6536082209398348,0.13254420559688457
random_control,8,exact_r1,probe,2,1.0,0.0,1.1499130044259077e-15,2.863109404503057e-16,0.9966159361518092,0.0039748338680022,0.02030437886504741,0.02384900057497853
random_control,8,exact_r16,probe,2,1.0,0.0,2.549734544859864e-15,2.4349324603417786e-16,0.9992861600799693,0.00027802080814282086,0.0042830476797664436,0.001668138530804748
random_control,8,exact_r2,probe,2,1.0,0.0,2.1975888576091437e-15,5.050639249482234e-16,0.9975234234912529,0.0031205670053825545,0.014859459540174511,0.018723399879163424
random_control,8,exact_r4,probe,2,1.0,0.0,2.178189887447142e-15,5.474816228863899e-16,0.998932781525784,0.0007898451119843138,0.006403310967774208,0.004739065518452115
random_control,8,exact_r64,probe,2,1.0,0.0,2.3893242335200594e-15,5.499594254305379e-17,0.9993443855394919,0.00016692347158676595,0.0039336722281101775,0.0010015383039565181
random_control,8,exact_r8,probe,2,1.0,0.0,2.555690650772564e-15,4.2453305574782777e-16,0.9993456177827384,0.0003636807655038109,0.003926287879342757,0.002182083028407849
random_control,8,pairwise,probe,2,0.9744814396318462,0.01523443352168931,0.15311136457603425,0.09140659445322608,0.9735720302495692,0.014936055200342867,0.1585678111554848,0.0896163298849681
random_control,8,pairwise_plus_triadic,probe,2,0.989157770656877,0.0018291451274738198,0.06505337155087748,0.010974871889856293,0.9858214519917965,0.0020733111868637562,0.08507128337967312,0.012439880200608069
random_control,8,raw_projection_r4,raw_projection,2,1.0,0.0,2.3675252587411193e-15,2.6247681037595562e-17,0.9996118595202763,4.4187458426270315e-05,0.0023288364569048602,0.00026511793530810504
random_control,8,raw_skew_bilinear_r8,raw_skew_bilinear,2,0.9135957345780399,0.005968292582006004,0.5184255993097192,0.03580976463848745,0.9126610178500414,0.006834082510083116,0.5240338972459238,0.04100447545050667
random_control,9,exact_r1,probe,2,1.0,0.0,2.231084501211778e-15,2.4366624263656e-16,0.9949852025343313,0.006816642788079502,0.03008879069441011,0.0408998561585387
random_control,9,exact_r16,probe,2,1.0,0.0,2.2411755848191425e-15,8.455417820226674e-16,0.9992294286688168,0.0005044749471324843,0.004623415594930218,0.0030268481056035185
random_control,9,exact_r2,probe,2,1.0,0.0,2.588090956967288e-15,3.1176047272938406e-16,0.9986977295743095,0.0015247447824598731,0.007813624408097693,0.00914846625122787
random_control,9,exact_r4,probe,2,1.0,0.0,2.5367713228339703e-15,5.254689593869488e-16,0.9992887427409489,0.0005320442544146729,0.00426754251970528,0.0031922676573252528
random_control,9,exact_r64,probe,2,1.0,0.0,2.3389377797769288e-15,5.576336366564249e-16,0.9994745331092013,0.000104984580089744,0.0031528057043033186,0.0006298951356869958
random_control,9,exact_r8,probe,2,1.0,0.0,2.2370437145375905e-15,8.895920633930927e-16,0.9993137884885073,0.0003732258559457277,0.00411726252706204,0.0022393539466355663
random_control,9,pairwise,probe,2,0.9766879582570659,0.0002906388136022003,0.13987225186105612,0.0017438163722680463,0.9761306809054481,0.00035515334584151106,0.1432159101047243,0.0021309271909884485
random_control,9,pairwise_plus_triadic,probe,2,0.924301005485985,0.06290327109899528,0.4541939782922984,0.37741963591420596,0.9224282912909985,0.06254759852739505,0.4654302323081841,0.37528558542039875
random_control,9,raw_projection_r4,raw_projection,2,1.0,0.0,1.6777743283605538e-15,7.428835178065938e-17,0.9994978192779753,5.202969911383759e-05,0.0030130932023490053,0.00031217808263878517
random_control,9,raw_skew_bilinear_r8,raw_skew_bilinear,2,0.9220075615578227,0.020343458400425184,0.46795463287788963,0.12206073525602758,0.9208969807045327,0.020503053003354258,0.47461812156769967,0.12301831421520151
random_control,10,exact_r1,probe,2,1.0,0.0,2.1539506047213815e-15,1.4282652277092048e-15,0.9995738002989027,0.00026947114431046486,0.002557195077719775,0.0016168211096007031
random_control,10,exact_r16,probe,2,1.0,0.0,2.109051230594382e-15,6.522735519067992e-16,0.9993430922428768,0.00014924081983127508,0.003941454517189413,0.0008954336116870359
random_control,10,exact_r2,probe,2,1.0,0.0,2.7255748895676854e-15,3.627430689220348e-16,0.9994222705976831,0.0005046865594344089,0.0034663808361680517,0.0030281305162773624
random_control,10,exact_r4,probe,2,1.0,0.0,2.164626834233961e-15,1.135028061492904e-15,0.9995150847567452,3.05939290357063e-05,0.002909499943901513,0.0001835595980804841
random_control,10,exact_r64,probe,2,1.0,0.0,2.260760694503809e-15,4.038946098346684e-16,0.999413220004903,0.00013326306663538306,0.003520680859461815,0.0007995834080661479
random_control,10,exact_r8,probe,2,1.0,0.0,1.8111728714745164e-15,3.887303946404628e-16,0.999092836967773,0.0006643868221710329,0.005442982507196979,0.003986324131997975
random_control,10,pairwise,probe,2,0.9661779962480068,0.018083204281618574,0.20293202860112716,0.1084992168588121,0.9650424907190932,0.017180896743484726,0.2097450548964035,0.10308539021102565
random_control,10,pairwise_plus_triadic,probe,2,0.9720864088998901,0.0027195587664205607,0.16748154640663415,0.01631735173875659,0.9699639762855239,0.004315057863504606,0.18021613471986106,0.02589034189437831
random_control,10,raw_projection_r4,raw_projection,2,1.0,0.0,2.085852950637014e-15,2.2571588200523432e-17,0.9993771821674373,0.00012047179079875728,0.0037369027114537955,0.0007228408939238934
random_control,10,raw_skew_bilinear_r8,raw_skew_bilinear,2,0.925591630447242,0.019018998076267113,0.4464502125564549,0.11411399884797138,0.924662690402733,0.018941486509618174,0.4520238660689857,0.11364890003308993
random_control,11,exact_r1,probe,2,1.0,0.0,2.4280275304348026e-15,3.4743189336818625e-16,0.9986559624473255,0.0018449220977663455,0.008064230184042268,0.011069550754344902
random_control,11,exact_r16,probe,2,1.0,0.0,2.2058455715716485e-15,5.824220598569704e-16,0.9994642113645871,0.00035370571866974974,0.003214734019921808,0.002122222736612525
random_control,11,exact_r2,probe,2,1.0,0.0,2.334495015327998e-15,1.0160734002490765e-15,0.9972898521357112,0.0030063581191978497,0.016260890260228835,0.01803814798461465
random_control,11,exact_r4,probe,2,1.0,0.0,1.9865211346502932e-15,5.901160557226354e-16,0.9992030072543356,0.0007376752160619228,0.004781953756011919,0.004426046899214978
random_control,11,exact_r64,probe,2,1.0,0.0,2.108839485776276e-15,5.934795650078534e-16,0.9994842908862565,0.00013550592288635695,0.0030942629176327805,0.0008130436244961747
random_control,11,exact_r8,probe,2,1.0,0.0,2.0422912158390657e-15,7.700876494656628e-16,0.999309855616755,0.0005591435072612985,0.004140869004913839,0.0033548543523672326
random_control,11,pairwise,probe,2,0.977215012949374,0.030920474330096606,0.13670992737640397,0.18552284714833597,0.9760639485385683,0.030708017042422823,0.143616310476015,0.1842481022545368
random_control,11,pairwise_plus_triadic,probe,2,0.9914386609776152,0.011852737813823337,0.05136802940294337,0.0711164270435347,0.990579468715522,0.010772555647964773,0.05652317989127671,0.06463532122395499
random_control,11,raw_projection_r4,raw_projection,2,1.0,0.0,2.408403027261485e-15,1.5401307656278505e-16,0.9992915004905727,0.0003012788440460302,0.0042510054877816904,0.0018076646644037853
random_control,11,raw_skew_bilinear_r8,raw_skew_bilinear,2,0.9437808750404252,0.00022960725009396325,0.3373147520081451,0.0013776481469608055,0.943005047324631,0.0002684584492004027,0.341969728625069,0.001610746231734115
random_control,12,exact_r1,probe,2,1.0,0.0,3.0497893625197045e-15,1.5370259182074036e-17,0.9993852434886826,0.0008598290758773617,0.003688545732119211,0.005158968167873405
random_control,12,exact_r16,probe,2,1.0,0.0,2.3809316796127027e-15,3.3320490079841216e-16,0.9996360016779767,1.1851166965657016e-05,0.002183988011489014,7.109752578436184e-05
random_control,12,exact_r2,probe,2,1.0,0.0,1.801761209709511e-15,5.579949216302278e-16,0.9993311011542876,0.0007401896853366161,0.0040133944893467645,0.004441131498706575
random_control,12,exact_r4,probe,2,1.0,0.0,2.0636046320807656e-15,6.695558691211686e-16,0.9991654577768512,0.0008429460434977771,0.005007238244110744,0.0050576706193409945
random_control,12,exact_r64,probe,2,1.0,0.0,2.234516684107959e-15,1.2557223771598055e-16,0.9995771766536765,6.735359078494965e-05,0.002536933676310582,0.0004041105260935402
random_control,12,exact_r8,probe,2,1.0,0.0,2.1106106296469876e-15,9.923481938847016e-18,0.9993893686268065,0.0003510446134846385,0.0036637877549057724,0.002106273963376548
random_control,12,pairwise,probe,2,0.9912105411705043,0.008993154923818877,0.05273675165835254,0.053958917047224886,0.9883087550600369,0.0052884214759903415,0.07014746564770273,0.03173052455482308
random_control,12,pairwise_plus_triadic,probe,2,0.995398521837261,0.004276638376908816,0.027608865497345255,0.025659826369021577,0.9930380197862784,0.0012506105576600296,0.04177188222658717,0.0075036585623661466
random_control,12,raw_projection_r4,raw_projection,2,1.0,0.0,2.5784477910469797e-15,4.706266593778303e-16,0.9990917996813853,0.0005259514006268167,0.005449198031581343,0.0031557171792093047
random_control,12,raw_skew_bilinear_r8,raw_skew_bilinear,2,0.9578117351565096,0.0015333415688103733,0.25312959995224243,0.009200042644488022,0.9566994619866213,0.0013653208157300928,0.25980322347539997,0.008191933894488846
random_control,13,exact_r1,probe,2,1.0,0.0,1.3480679923907394e-15,1.8854172881300867e-15,0.9987153665473064,0.0011826145201217979,0.0077078018320106715,0.007095683496163657
random_control,13,exact_r16,probe,2,1.0,0.0,1.839895358728129e-15,2.0519763095427436e-17,0.9994627411166828,0.00036021974825628425,0.0032235534741226323,0.0021613112072472996
random_control,13,exact_r2,probe,2,1.0,0.0,1.8748068429932435e-15,4.3117987825899775e-16,0.9990305997845199,0.0009371717624457453,0.005816398623614482,0.005623030165084835
random_control,13,exact_r4,probe,2,1.0,0.0,2.358913051025883e-15,9.623481665436612e-16,0.9993757750425074,0.0006449697105248092,0.0037453460031934404,0.0038698250708242812
random_control,13,exact_r64,probe,2,1.0,0.0,2.069108551918739e-15,1.929211684033635e-16,0.9995228306700786,0.0002375972974376707,0.002863010990848933,0.0014255793997599055
random_control,13,exact_r8,probe,2,1.0,0.0,2.042550550195991e-15,2.8641293615526857e-16,0.9994248958925407,0.00041812951811025267,0.0034506302710926523,0.002508784168007062
random_control,13,pairwise,probe,2,0.9759854312158294,0.017680247921658676,0.1440874135328664,0.10608149462759815,0.9756060486866368,0.017917066087771678,0.146363705587444,0.10750238604937018
random_control,13,pairwise_plus_triadic,probe,2,0.9886952197800081,0.0012201152639573054,0.06782867257910159,0.007320701256116136,0.9874483885036575,2.4119119433220205e-05,0.07530967073398642,0.0001447037728703198
random_control,13,raw_projection_r4,raw_projection,2,1.0,0.0,2.2106560402860873e-15,6.948015955402682e-16,0.9992540429035823,0.0003331796180720833,0.004475737328903051,0.001999080497528397
random_control,13,raw_skew_bilinear_r8,raw_skew_bilinear,2,0.9414887016432153,0.01836484093813979,0.3510677930381563,0.11018904636055477,0.9406835921108723,0.018389210304486044,0.3558984348395219,0.11033526793674599
random_control,14,exact_r1,probe,2,1.0,0.0,1.5498850613009053e-15,8.223415479633325e-16,0.9984068796038628,0.001653794920362907,0.0095587154444527,0.009922777258932106
random_control,14,exact_r16,probe,2,1.0,0.0,2.379027831156319e-15,2.664288983562759e-16,0.999601286318567,0.0002544100850696848,0.002392283499931283,0.001526443816143283
random_control,14,exact_r2,probe,2,1.0,0.0,1.897638211957055e-15,1.5301097507768517e-15,0.9995040109174119,0.00047016419289364503,0.002975939920866545,0.0028209704168549897
random_control,14,exact_r4,probe,2,1.0,0.0,2.2667456519248206e-15,3.6150742348313846e-16,0.9992404464218352,0.0009400977488662809,0.0045573241583143605,0.005640601488161967
random_control,14,exact_r64,probe,2,1.0,0.0,2.0770022787855076e-15,2.6674947569943597e-16,0.999695467038287,9.701443542441281e-05,0.0018271902113661377,0.0005820879170592267
random_control,14,exact_r8,probe,2,1.0,0.0,2.4590460668931146e-15,1.2688377947173e-16,0.9994783596032195,0.0003559992096762699,0.0031298400004339377,0.002135992098244191
random_control,14,pairwise,probe,2,0.9807114158239629,0.0019621242882546155,0.11573150677011451,0.01177274469597872,0.9794672570294805,0.00038341397851386616,0.1231964586800637,0.0023004780950991273
random_control,14,pairwise_plus_triadic,probe,2,0.9800907770792644,0.0230454951999502,0.11945533475672063,0.13827298726029846,0.9789957815988196,0.023843879146368235,0.12602531310969628,0.14306326904391675
random_control,14,raw_projection_r4,raw_projection,2,1.0,0.0,1.884841546142386e-15,3.3091730280296455e-16,0.9993067992230257,9.743824540112314e-05,0.004159201346434808,0.0005846252250233238
random_control,14,raw_skew_bilinear_r8,raw_skew_bilinear,2,0.9540515312304099,0.023074500719632653,0.27569081546324825,0.13844701565939604,0.9533706820673413,0.023502885092821293,0.27977590676811004,0.1410173162643132
random_control,15,exact_r1,probe,2,1.0,0.0,2.5354459259790353e-15,7.324336677680965e-16,0.9995665065944195,0.00036569357020655813,0.0026009589536341894,0.002194153743365387
random_control,15,exact_r16,probe,2,1.0,0.0,2.2343631650846248e-15,4.6849272597211535e-18,0.999286424782541,0.0006909367025549427,0.0042814448340019835,0.004145619469893754
random_control,15,exact_r2,probe,2,1.0,0.0,2.0745871649679204e-15,2.886020926129859e-16,0.9988365113321278,0.0014860121213648705,0.006980926650157926,0.008916059541792918
random_control,15,exact_r4,probe,2,1.0,0.0,2.2856187332235985e-15,2.260253336100437e-16,0.9989483358545437,0.0012141204601294918,0.006309981039319407,0.0072847294762731895
random_control,15,exact_r64,probe,2,1.0,0.0,1.947043722827244e-15,2.3608382625022476e-16,0.9994107681430049,0.0004155541700543159,0.0035353865447783996,0.0024933334287733514
random_control,15,exact_r8,probe,2,1.0,0.0,1.964703992486327e-15,3.149262570820961e-16,0.999369025023447,0.0006797376409954038,0.0037858571086973017,0.004078430484223674
random_control,15,pairwise,probe,2,0.9925475830419196,0.002053542266106976,0.0447145040234318,0.012321253027275351,0.9909532188127439,0.0016194695318017553,0.05428068189212354,0.009716807604185796
random_control,15,pairwise_plus_triadic,probe,2,0.9946232022096714,0.004831830324435866,0.0322607883946249,0.02899101159169354,0.9927485127829843,0.007181888255334202,0.04350892467320793,0.04309133594366797
random_control,15,raw_projection_r4,raw_projection,2,1.0,0.0,2.1720834577834395e-15,4.098836459746238e-16,0.9993133617358074,0.00016441631947322887,0.004119828658682915,0.0009864925798849752
random_control,15,raw_skew_bilinear_r8,raw_skew_bilinear,2,0.9580481360769935,0.011394589863051991,0.25171118578873575,0.06836753211725177,0.9573970037615962,0.011971802075493832,0.25561798674364883,0.07183081698960256
random_control,16,exact_r1,probe,2,1.0,0.0,2.156093968034464e-15,2.6433909816275048e-17,0.9985656701028347,0.0019407769094839263,0.008605986895923302,0.011644668667593925
random_control,16,exact_r16,probe,2,1.0,0.0,1.0540965176061986e-15,3.865817014002652e-16,0.9993653365721304,0.000672304575962156,0.0038079860948225055,0.004033825133288978
random_control,16,exact_r2,probe,2,1.0,0.0,1.5984733017567103e-15,9.108594077140537e-16,0.9988528827412261,0.001513993531165841,0.006882702408145431,0.009083978473430992
random_control,16,exact_r4,probe,2,1.0,0.0,1.7188173753278702e-15,9.79747067892885e-16,0.999011852675014,0.0012528460967497687,0.005928888112672818,0.007517063609544427
random_control,16,exact_r64,probe,2,1.0,0.0,1.389548629471136e-15,3.4696480674088536e-16,0.999487672208084,0.0003455207421516009,0.00307396064231903,0.0020731181427158644
random_control,16,exact_r8,probe,2,1.0,0.0,1.2572181359799673e-15,7.901199845273902e-16,0.9992917351838615,0.0008837219486862664,0.004249595156428161,0.005302313361699856
random_control,16,pairwise,probe,2,0.9956586851427953,0.002364313224347854,0.026047874758256106,0.014185896931855142,0.9950326488663753,0.0018990734809416882,0.029804116566083394,0.011394437252222167
random_control,16,pairwise_plus_triadic,probe,2,0.983342294063833,0.0021246893659443364,0.0999462272068033,0.012748149143611264,0.9829451801876227,0.0025413051097455206,0.10232890929263602,0.015247832602094169
random_control,16,raw_projection_r4,raw_projection,2,1.0,0.0,2.065085263708981e-15,3.298573969475947e-16,0.9987912962420119,0.00034504659010585334,0.007252215994716002,0.002070273753218248
random_control,16,raw_skew_bilinear_r8,raw_skew_bilinear,2,0.9657469424936507,0.022641193360388924,0.20551834927432033,0.13584715819584645,0.9649626490556531,0.023385128261514006,0.2102241048641089,0.14031076250802377
random_control,17,exact_r1,probe,2,1.0,0.0,1.2260525303687793e-15,1.7046640646704787e-16,0.9998687617480755,0.0001604624182473791,0.0007874282348565328,0.0009627765865322337
random_control,17,exact_r16,probe,2,1.0,0.0,1.229000005123243e-15,1.0563694479656734e-16,0.9993492878145642,0.0006754688091513661,0.003904275816441643,0.004052821829292444
random_control,17,exact_r2,probe,2,1.0,0.0,1.869340636851919e-15,2.124667311911555e-16,0.9985111223326788,0.0020040890857948757,0.008933270750023642,0.012024545519450947
random_control,17,exact_r4,probe,2,1.0,0.0,1.432188630214651e-15,1.4019305435852e-16,0.9991972901754909,0.0008689971861742819,0.004816260493397648,0.0052139764552845405
random_control,17,exact_r64,probe,2,1.0,0.0,1.5152828613546007e-15,1.3564841209991789e-16,0.9994295332580805,0.0004473018690680864,0.00342280928089167,0.0026838156441493107
random_control,17,exact_r8,probe,2,1.0,0.0,1.3738957372977914e-15,1.940207623511837e-16,0.999064340773556,0.0011721360525972072,0.0056139609521576655,0.007032812127794886
random_control,17,pairwise,probe,2,0.9902412258088589,0.0010758943093954418,0.05855263345716881,0.006455364146496607,0.9878554395917389,0.003862970863698224,0.07286736625489236,0.023177824648265292
random_control,17,pairwise_plus_triadic,probe,2,0.9932706591983635,0.0010855096445849292,0.04037603581996842,0.006513052420797862,0.9924701797879405,0.00023592020409070086,0.04517891449278169,0.001415520444808956
random_control,17,raw_projection_r4,raw_projection,2,1.0,0.0,2.029325171869279e-15,7.732574758045184e-16,0.9989665649417374,0.00011444713295330082,0.0062006083317101,0.0006866855004962226
random_control,17,raw_skew_bilinear_r8,raw_skew_bilinear,2,0.9588984962966707,0.008769789212228436,0.24660902403088078,0.05261874412713546,0.9581754942321115,0.00828452005712676,0.2509470408420182,0.04970712418427014
random_control,18,exact_r1,probe,2,1.0,0.0,2.485678536653415e-16,3.222956347557731e-16,0.9987696353346109,0.0012458582078039957,0.007382183489931372,0.007475148260436344
random_control,18,exact_r16,probe,2,1.0,0.0,1.0658733872197026e-15,5.008901616533201e-16,0.9995032687568002,0.0004539774615739389,0.002980380562399255,0.002723858020505471
random_control,18,exact_r2,probe,2,1.0,0.0,1.1587161492022194e-15,1.2969325086094844e-15,0.9991839708139498,0.0008471501916367388,0.004896172854488314,0.005082896720365415
random_control,18,exact_r4,probe,2,1.0,0.0,1.4943521368492346e-15,1.5128757611722424e-15,0.9992001598907841,0.0009621265016879487,0.0047990506079966305,0.0057727679610741055
random_control,18,exact_r64,probe,2,1.0,0.0,1.365242226794465e-15,5.634851044678664e-17,0.9994515505515866,0.0003789906082253931,0.00329069981469527,0.0022739430474013624
random_control,18,exact_r8,probe,2,1.0,0.0,1.2819288190896389e-15,8.346443656683208e-16,0.9993318375200033,0.0008064673607386587,0.0040089713693305384,0.004838798457618079
random_control,18,pairwise,probe,2,0.9838196800814735,0.00597354074270498,0.09708191831871066,0.035841255183873974,0.9829143664489189,0.005030171052036532,0.10251379332556906,0.030181032842785567
random_control,18,pairwise_plus_triadic,probe,2,0.9938719907982482,0.001607389191347242,0.03676804660871211,0.00964435913007949,0.9929386615339253,0.0028361788035636956,0.04236803197515352,0.01701708749915027
random_control,18,raw_projection_r4,raw_projection,2,1.0,0.0,9.878542935756999e-16,1.8815913543817492e-17,0.998772201852666,0.0005922340516984928,0.0073667888557085665,0.0035534150424083805
random_control,18,raw_skew_bilinear_r8,raw_skew_bilinear,2,0.968310415951742,0.010356719035488102,0.1901375097481327,0.06214030202985531,0.9676719601783488,0.010089837873555964,0.19396823352306253,0.06053903115601687
random_control,19,exact_r1,probe,2,1.0,0.0,1.2104698401983302e-15,1.7118628648520717e-15,0.9997304330269496,0.00018886880877078208,0.0016174054697633742,0.0011331923532115684
random_control,19,exact_r16,probe,2,1.0,0.0,1.4686261623740663e-15,3.327294229937095e-16,0.999230509209964,0.0008224579921382798,0.00461694948838461,0.0049347439612612365
random_control,19,exact_r2,probe,2,1.0,0.0,6.528983627671558e-16,6.112703273911094e-16,0.9992362327045865,0.0008149631702645754,0.004582608827857056,0.004889787320563004
random_control,19,exact_r4,probe,2,1.0,0.0,1.631446389629014e-15,9.715431946219219e-16,0.9988289390587144,0.0014726193748776728,0.0070263624786295826,0.00883572206640893
random_control,19,exact_r64,probe,2,1.0,0.0,1.3432743491848113e-15,9.381153168715021e-17,0.9993595650626554,0.000636671464351366,0.0038426145001722034,0.0038200190342758847
random_control,19,exact_r8,probe,2,1.0,0.0,1.5802991796543821e-15,3.5106352659169223e-16,0.9994051365388764,0.0006596883266214383,0.0035691754286138653,0.003958120144443074
random_control,19,pairwise,probe,2,0.9787608192612728,0.02830608131667713,0.12743508265318976,0.1698364881570208,0.9767975827885998,0.031025231200129726,0.13921449943932707,0.18615138579265386
random_control,19,pairwise_plus_triadic,probe,2,0.9785000166545311,0.029370126507912087,0.1289999026736647,0.17622076543040954,0.976673397132092,0.03162803211066009,0.13995961822345432,0.1897681811660137
random_control,19,raw_projection_r4,raw_projection,2,1.0,0.0,1.326537367731902e-15,5.1587440763301266e-17,0.9990671608183119,2.821497358644217e-05,0.00559703567463051,0.0001692864767679124
random_control,19,raw_skew_bilinear_r8,raw_skew_bilinear,2,0.9735224681595962,0.01486904815031241,0.15886518760170373,0.0892142925238691,0.9729366964764066,0.015126177292483908,0.162379824439995,0.0907570646512557
random_control,20,exact_r1,probe,2,1.0,0.0,1.4570112640302818e-15,1.9266209921722282e-15,0.9991801186568208,0.0006433774962478009,0.004919285918731475,0.0038602680318296913
random_control,20,exact_r16,probe,2,1.0,0.0,8.985348677536377e-16,5.790301491030897e-16,0.9994659643206332,0.0002500917892159799,0.003204217658801806,0.0015005468577722017
random_control,20,exact_r2,probe,2,1.0,0.0,7.396882123848765e-16,6.34900686710954e-16,0.9995557051151991,0.0004051368739973994,0.0026657722306077224,0.0024308214050477953
random_control,20,exact_r4,probe,2,1.0,0.0,1.110461656610159e-15,2.2005447777226117e-16,0.9994137059483263,0.0006233337429163298,0.0035177617831626167,0.003739995661255879
random_control,20,exact_r64,probe,2,1.0,0.0,1.0143662997653906e-15,2.926489866863786e-16,0.9994876792447435,0.0002894484578181981,0.0030739267889051307,0.0017366905019556794
random_control,20,exact_r8,probe,2,1.0,0.0,1.0573518184849908e-15,8.878212700666557e-16,0.9994518821024232,0.0003529362459979954,0.00328871334911835,0.0021176144728077355
random_control,20,pairwise,probe,2,0.9998220314996109,2.087469015725151e-05,0.0010678170780554158,0.0001252536749486625,0.9986991091734834,0.001245835670947509,0.0078053510488745,0.00747502371091966
random_control,20,pairwise_plus_triadic,probe,2,0.9933374826278951,0.009313081406839376,0.03997510826712119,0.05587848820498099,0.9913425743579865,0.006833289037122644,0.05194456558092497,0.04099974983115513
random_control,20,raw_projection_r4,raw_projection,2,1.0,0.0,1.4264434281286876e-15,9.548302481903985e-17,0.9988658018410206,2.547601380609515e-05,0.006805189758274032,0.00015284416158066117
random_control,20,raw_skew_bilinear_r8,raw_skew_bilinear,2,0.9766418312986691,0.010399812139285399,0.14014901072045582,0.0623988750857393,0.97595524125629,0.010358048124648427,0.14426854349828017,0.06214829761994868
random_control,21,exact_r1,probe,2,1.0,0.0,1.4780621405291498e-15,2.0557900969584547e-15,0.99984438986414,2.536918325258668e-05,0.0009336708248560575,0.0001522350402091843
random_control,21,exact_r16,probe,2,1.0,0.0,1.1760926954976064e-15,5.176626660872882e-16,0.9994054020692904,0.00013900762355008471,0.0035675807982139913,0.0008340508770332872
random_control,21,exact_r2,probe,2,1.0,0.0,2.437828932789479e-15,9.961547796248386e-16,0.9992769735140933,0.0007155870478913213,0.004338156180286508,0.004293523612725706
random_control,21,exact_r4,probe,2,1.0,0.0,1.2362381111697428e-15,1.469672115578037e-15,0.9994923969109853,0.00033603155482129425,0.0030456187214440433,0.0020161988723924255
random_control,21,exact_r64,probe,2,1.0,0.0,1.4200525034810765e-15,5.188223308367822e-16,0.9994903705600235,0.00012362987757261185,0.0030577801816333602,0.000741782427821277
random_control,21,exact_r8,probe,2,1.0,0.0,6.919987690578333e-16,6.139243298593444e-16,0.9994492125180032,0.00018059573363177886,0.0033047330216504633,0.0010835840410074046
random_control,21,pairwise,probe,2,0.9893575499041214,0.002099364671031784,0.06385469477229183,0.012596171180713602,0.9886058217121495,0.002900691872370775,0.06836507704671628,0.017404139849179462
random_control,21,pairwise_plus_triadic,probe,2,0.9879103064950969,0.01646137394092727,0.07253816145637555,0.0987682457719708,0.9863524639772043,0.018486831186230738,0.08188521781974284,0.11092099666427896
random_control,21,raw_projection_r4,raw_projection,2,1.0,0.0,1.328456463062807e-15,1.3870377449383635e-15,0.9992522651122676,0.0004576691157424747,0.004486401598114753,0.002746015254103035
random_control,21,raw_skew_bilinear_r8,raw_skew_bilinear,2,0.9794272637615602,0.005951367695464418,0.12343641466254163,0.03570820855086374,0.9788164386732711,0.005895023798107217,0.12710137109065223,0.035370125849414916
random_control,22,exact_r1,probe,2,1.0,0.0,1.0093662814647234e-15,9.804942071901807e-16,0.9996510493672557,0.0004562943674961588,0.002093701686905863,0.0027377842937106947
random_control,22,exact_r16,probe,2,1.0,0.0,1.2207768439996067e-15,1.0523318117882382e-15,0.9994540620181296,0.00028418390667816893,0.0032756265864009038,0.0017051045284965853
random_control,22,exact_r2,probe,2,1.0,0.0,1.4458235083246238e-15,1.38884353120889e-15,0.9995159871048398,0.0003687000454003614,0.0029040839001229163,0.0022122032046976155
random_control,22,exact_r4,probe,2,1.0,0.0,1.452167284172766e-15,7.370448003234451e-16,0.9994405826760663,0.00038567761550266496,0.0033565016152958074,0.00231407246596322
random_control,22,exact_r64,probe,2,1.0,0.0,1.4000629389647277e-15,7.792522179204113e-16,0.9995273742824793,0.00017905005649997502,0.0028357420431146035,0.0010743143542217093
random_control,22,exact_r8,probe,2,1.0,0.0,1.575935797715458e-15,1.1489494725022458e-15,0.9995463972704278,0.00023888102019851268,0.0027216130636386676,0.0014332902645338148
random_control,22,pairwise,probe,2,0.9938798337760899,0.005066213631988072,0.03672099950947288,0.030397286409457464,0.9934583482229047,0.005498690639778882,0.039249908115582204,0.03299216022282645
random_control,22,pairwise_plus_triadic,probe,2,0.9902641139924526,0.013737885273569657,0.058415311054943686,0.08242730996396368,0.989148209699326,0.015088840160372811,0.06511073780519736,0.090533025516596
random_control,22,raw_projection_r4,raw_projection,2,1.0,0.0,1.411817644618377e-15,1.748667252608154e-15,0.9995564594864845,0.0004175178034339051,0.0026612318776339334,0.0025050954974395966
random_control,22,raw_skew_bilinear_r8,raw_skew_bilinear,2,0.9729665573686361,0.010222591373085383,0.1622006521405031,0.06133556451919587,0.9725436373717256,0.01031457716264684,0.16473816886233786,0.06188745284161278
random_control,23,exact_r1,probe,2,1.0,0.0,2.0938195834796795e-15,8.686399378241947e-16,0.9989050502578417,9.834674413570875e-05,0.00656969224372814,0.000590075820131746
random_control,23,exact_r16,probe,2,1.0,0.0,1.5588705136742054e-15,6.920468961486683e-16,0.9994461579869192,0.00029202702542494935,0.0033230503593383925,0.0017521518267778675
random_control,23,exact_r2,probe,2,1.0,0.0,2.295286813720559e-15,5.585838112876488e-16,0.9992284011095762,0.0005840338554850919,0.004629592859095687,0.0035041958203224726
random_control,23,exact_r4,probe,2,1.0,0.0,2.1856114347014494e-15,4.2896505330945175e-17,0.9992962810728285,0.00026431517984260597,0.004222305723993082,0.0015858945278396618
random_control,23,exact_r64,probe,2,1.0,0.0,1.5539714042623482e-15,7.011021002000169e-16,0.9995252531435754,0.00016233034315837015,0.0028484838581385296,0.0009739883505657034
random_control,23,exact_r8,probe,2,1.0,0.0,1.4663360370807668e-15,6.680191738532218e-16,0.999455390084121,0.00029021002795585665,0.0032676576572864885,0.0017412771132515029
random_control,23,pairwise,probe,2,0.9969673647234837,0.0029950841299076947,0.018195813909111774,0.01797050783303902,0.9966391676829921,0.0032724990771031714,0.020164983244992777,0.019634987683097363
random_control,23,pairwise_plus_triadic,probe,2,0.9948754714181025,0.00027540477667060444,0.030747169780321805,0.0016524221666147662,0.9936667697297201,0.0016061941525801155,0.03799938466868803,0.00963716209265715
random_control,23,raw_projection_r4,raw_projection,2,1.0,0.0,9.829169780958325e-16,6.117945685202091e-16,0.9997045325322284,0.0002902908094155549,0.0017727876299128789,0.0017417339582102265
random_control,23,raw_skew_bilinear_r8,raw_skew_bilinear,2,0.9778898047904174,0.004552651648704796,0.13266117062367913,0.027315907861716716,0.9772376774085894,0.004694564770624179,0.13657393606586588,0.02816738247732962
random_control,24,exact_r1,probe,2,1.0,0.0,1.3154474523564523e-15,6.280934754850745e-16,0.9995308485296037,0.0002890091354597267,0.0028149004511861773,0.001734055842591738
random_control,24,exact_r16,probe,2,1.0,0.0,1.6578107534569497e-15,4.499111699216098e-16,0.9994746129959822,0.00021214645466601566,0.0031523207010953533,0.0012728773828961752
random_control,24,exact_r2,probe,2,1.0,0.0,1.6867422447245878e-15,6.703649474260671e-16,0.9993503981580336,0.0005433082923656399,0.0038976097489972343,0.003259858289547996
random_control,24,exact_r4,probe,2,1.0,0.0,1.5992777702126903e-15,3.3697874137025217e-16,0.999389911070466,0.0004965855839267728,0.0036605276826675334,0.002979512190187681
random_control,24,exact_r64,probe,2,1.0,0.0,1.5583526645355014e-15,1.670663848433731e-16,0.9994939567728175,0.0001864210720061787,0.0030362646947550173,0.0011185211179488555
random_control,24,exact_r8,probe,2,1.0,0.0,1.883325259938613e-15,4.1424411225182835e-16,0.9994847352306048,0.0001937566724522451,0.0030915949747496703,0.001162534086089972
random_control,24,pairwise,probe,2,0.9987745189832317,0.0004772439853841836,0.007352895586058771,0.0028634682429710357,0.9980169191128678,0.0005394363433451321,0.011898478104992845,0.0032366178680668187
random_control,24,pairwise_plus_triadic,probe,2,0.995894767343998,0.0032804103917923513,0.024631397964311772,0.019682444343499077,0.995382906248172,0.0033381193787429533,0.02770256026835543,0.020028720404367446
random_control,24,raw_projection_r4,raw_projection,2,1.0,0.0,1.019735484251232e-15,7.024448065787037e-16,0.9995730720046494,0.0004758212365604319,0.002561561087734137,0.002854921917343431
random_control,24,raw_skew_bilinear_r8,raw_skew_bilinear,2,0.9775608608292208,0.002268505535148496,0.1346348263582008,0.013611053881871428,0.9768167773468628,0.002100197071289874,0.13909934101522797,0.012601184293615297
